College Name,Place,Logo Link
IIT Guwahati - Indian Institute of Technology - [IITG],"Guwahati, Assam",https://images.collegedunia.com/public/college_data/images/logos/1394864902Indian Institute of Technology - IIT Guwahati.png?h=43&w=43&mode=stretch
Department of Business Administration,"Tezpur, Assam",https://images.collegedunia.com/public/college_data/images/logos/uv25401.jpg?h=43&w=43&mode=stretch
Assam University,"Silchar, Assam",https://images.collegedunia.com/public/college_data/images/logos/1394864742Assam University.png?h=43&w=43&mode=stretch
NIT Silchar,"Silchar, Assam",https://images.collegedunia.com/public/college_data/images/logos/1394865664National Institute of Technology - NIT Silchar.png?h=43&w=43&mode=stretch
Royal Global University - [RGU],"Guwahati, Assam",https://images.collegedunia.com/public/college_data/images/logos/1624941524logofinalJPEG.jpg?h=43&w=43&mode=stretch
Dibrugarh University,"Dibrugarh, Assam",https://images.collegedunia.com/public/college_data/images/logos/15042614311463481238DibrugarhUniversitylogo.jpg?h=43&w=43&mode=stretch
Guwahati College of Architecture and Planning,"Guwahati, Assam",https://images.collegedunia.com/public/college_data/images/logos/1709553802Screenshot20240304172439.png?h=43&w=43&mode=stretch
NEF Law College,"Guwahati, Assam",https://images.collegedunia.com/public/college_data/images/logos/col8939.jpg?h=43&w=43&mode=stretch
Institute of Hotel Management Catering Technology and Applied Nutrition - [IHM],"Guwahati, Assam",https://images.collegedunia.com/public/college_data/images/logos/1706854395logoCopy300x110.png?h=43&w=43&mode=stretch
Arya Vidyapeeth College - [AVC],"Guwahati, Assam",https://images.collegedunia.com/public/college_data/images/logos/1395645792Arya Vidyapeeth College.png?h=43&w=43&mode=stretch
Mangaldai Law College,"Marigaon, Assam",https://images.collegedunia.com/public/asset/img/placeholders/logo_placeholder_70X70.png?h=43&w=43&mode=stretch
Tezpur Law College,"Sonitpur, Assam",https://images.collegedunia.com/public/college_data/images/logos/1424513608logo51.png?h=43&w=43&mode=stretch
North East Institute of Fashion Technology - [NEIFT],"Guwahati, Assam",https://images.collegedunia.com/public/college_data/images/logos/1421494280titleFBDB.png?h=43&w=43&mode=stretch
Jorhat Law College,"Jorhat, Assam",https://images.collegedunia.com/public/college_data/images/logos/1423737541johrat.jpg?h=43&w=43&mode=stretch
Dibrugarh Hanumanbux Surajmal Kanoi College - [DHSK],"Dibrugarh, Assam",https://images.collegedunia.com/public/college_data/images/logos/1459425831logo.png?h=43&w=43&mode=stretch
Royal School of Architecture,"Guwahati, Assam",https://images.collegedunia.com/public/college_data/images/logos/1551783279rgulogo2.jpg?h=43&w=43&mode=stretch
Dispur College,"Guwahati, Assam",https://images.collegedunia.com/public/college_data/images/logos/1393320785Dispur College.png?h=43&w=43&mode=stretch
Girijananda Chowdhury Institute of Pharmaceutical Science - [GIPS],"Guwahati, Assam",https://images.collegedunia.com/public/college_data/images/logos/1568020913GIPSloggggg.png?h=43&w=43&mode=stretch
Guwahati College,"Guwahati, Assam",https://images.collegedunia.com/public/college_data/images/logos/col1817.jpg?h=43&w=43&mode=stretch
Dakshin Guwahati B.Ed College,"Guwahati, Assam",https://images.collegedunia.com/public/college_data/images/logos/1424494162jp.jpg?h=43&w=43&mode=stretch
B. Borooah College,"Guwahati, Assam",https://images.collegedunia.com/public/college_data/images/logos/1513575138bbclogo.gif?h=43&w=43&mode=stretch
Handique Girls College,"Guwahati, Assam",https://images.collegedunia.com/public/college_data/images/logos/1512966213nvdnvnvmndmvndmv.png?h=43&w=43&mode=stretch
Assam Don Bosco University - [ADBU],"Guwahati, Assam",https://images.collegedunia.com/public/college_data/images/logos/1685714174logo.png?h=43&w=43&mode=stretch
Gauhati University - [GU],"Guwahati, Assam",https://images.collegedunia.com/public/college_data/images/logos/1394864857Gauhati University.png?h=43&w=43&mode=stretch
Indian Institute of Information Technology - [IIITG],"Guwahati, Assam",https://images.collegedunia.com/public/college_data/images/logos/1517651931cvrimge.png?h=43&w=43&mode=stretch
Central Institute of Technology - [CIT],"Kokrajhar, Assam",https://images.collegedunia.com/public/college_data/images/logos/1424071958cit.jpg?h=43&w=43&mode=stretch
Assam Engineering College - [AEC],"Guwahati, Assam",https://images.collegedunia.com/public/college_data/images/logos/col28274.jpg?h=43&w=43&mode=stretch
NERIM Group of Institutions - [NERIM],"Guwahati, Assam",https://images.collegedunia.com/public/college_data/images/logos/1625290156head.jpg?h=43&w=43&mode=stretch
Jorhat Engineering College - [JEC],"Jorhat, Assam",https://images.collegedunia.com/public/college_data/images/logos/col27976.jpg?h=43&w=43&mode=stretch
Assam Agricultural University - [AAU],"Jorhat, Assam",https://images.collegedunia.com/public/college_data/images/logos/14637254052597AAU-Recruitment-2014.jpg?h=43&w=43&mode=stretch
Assam Science and Technology University - [ASTU],"Guwahati, Assam",https://images.collegedunia.com/public/college_data/images/logos/1462595691loo.png?h=43&w=43&mode=stretch
Asian Institute of Management and Technology - [AIMT],"Guwahati, Assam",https://images.collegedunia.com/public/college_data/images/logos/1588338362aimtlogo.png?h=43&w=43&mode=stretch
Assam Down Town University - [ADTU],"Guwahati, Assam",https://images.collegedunia.com/public/college_data/images/logos/1585215795UniversityLogo.jpg?h=43&w=43&mode=stretch
Assam Women's University,"Jorhat, Assam",https://images.collegedunia.com/public/college_data/images/logos/1511957767AssamWomensUniversitylogo.jpg?h=43&w=43&mode=stretch
Girijananda Chowdhury Institute of Management & Technology - [GIMT],"Guwahati, Assam",https://images.collegedunia.com/public/college_data/images/logos/1590844778Logo.jpg?h=43&w=43&mode=stretch
Assam Engineering Institute - [AEI],"Guwahati, Assam",https://images.collegedunia.com/public/college_data/images/logos/1585546841logo.jpg?h=43&w=43&mode=stretch
Bineswar Brahma Engineering College- [BBEC],"Kokrajhar, Assam",https://images.collegedunia.com/public/college_data/images/logos/1487834142bbecthumb.jpg?h=43&w=43&mode=stretch
Lalit Chandra Bharali College - [LCB],"Guwahati, Assam",https://images.collegedunia.com/public/college_data/images/logos/164639112479065C30A9CB4A40818ED7083E983819.png.jpg?h=43&w=43&mode=stretch
Pragjyotish College,"Guwahati, Assam",https://images.collegedunia.com/public/college_data/images/logos/col3456.jpg?h=43&w=43&mode=stretch
Jorhat Institute of Science and Technology - [JIST],"Jorhat, Assam",https://images.collegedunia.com/public/college_data/images/logos/1430905159Johrat.jpg?h=43&w=43&mode=stretch
Tata Institute of Social Sciences - [TISS],"Guwahati, Assam",https://images.collegedunia.com/public/college_data/images/logos/15501311731450952592Untitled.jpg?h=43&w=43&mode=stretch
Assam Institute of Technology - [AIT],"Guwahati, Assam",https://images.collegedunia.com/public/college_data/images/logos/1424414620SQ.jpg?h=43&w=43&mode=stretch
Tezpur University,"Sonitpur, Assam",https://images.collegedunia.com/public/college_data/images/logos/148497773357978l.jpg?h=43&w=43&mode=stretch
Barak Valley Engineering College - [BVEC],"Karimganj, Assam",https://images.collegedunia.com/public/college_data/images/logos/1584767969LogoofBarakValleyEngineeringCollege.jpg?h=43&w=43&mode=stretch
Centre for Management Studies - [CMS],"Dibrugarh, Assam",https://images.collegedunia.com/public/college_data/images/logos/1473144652Untitled.1png.png?h=43&w=43&mode=stretch
Royal School of Engineering and Technology - [RSET],"Guwahati, Assam",https://images.collegedunia.com/public/college_data/images/logos/1609233706rgulogo.jpg?h=43&w=43&mode=stretch
Jawaharlal Nehru School of Management Studies,"Silchar, Assam",https://images.collegedunia.com/public/college_data/images/logos/1500876725AssamUniversitylogo.jpg?h=43&w=43&mode=stretch
Scholar's Institute of Technology and Management - [SITM],"Guwahati, Assam",https://images.collegedunia.com/public/college_data/images/logos/1597051204Logo.png?h=43&w=43&mode=stretch
Anandaram Dhekial Phookan College - [ADP],"Nagaon, Assam",https://images.collegedunia.com/public/college_data/images/logos/1412055694core-0001-fdbffe852a41743b012a41e25af45789.s_group.jpg?h=43&w=43&mode=stretch
Baosi Banikanta Kakati College - [BBK],"Barpeta, Assam",https://images.collegedunia.com/public/college_data/images/logos/col353.jpg?h=43&w=43&mode=stretch
BH College,"Barpeta, Assam",https://images.collegedunia.com/public/college_data/images/logos/1411985563BH logo1.png?h=43&w=43&mode=stretch
Bimala Prasad Chaliha College,"Kamrup, Assam",https://images.collegedunia.com/public/college_data/images/logos/1412079865bpcloho1.png?h=43&w=43&mode=stretch
Bagadhar Brahma Kishan College,"Baksa, Assam",https://images.collegedunia.com/public/college_data/images/logos/1632291667download305.jpg?h=43&w=43&mode=stretch
Bahona College,"Jorhat, Assam",https://images.collegedunia.com/public/college_data/images/logos/1417280511a.jpg?h=43&w=43&mode=stretch
Bhattadev University,"Pathsala, Assam",https://images.collegedunia.com/public/college_data/images/logos/1597655640220pxBhattadevUniversitylogo.png?h=43&w=43&mode=stretch
Bapujee College,"Barpeta, Assam",https://images.collegedunia.com/public/college_data/images/logos/col510.jpg?h=43&w=43&mode=stretch
Barnagar College,"Barpeta, Assam",https://images.collegedunia.com/public/college_data/images/logos/1671273940index.jpg?h=43&w=43&mode=stretch
Barpeta Girls College,"Barpeta, Assam",https://images.collegedunia.com/public/college_data/images/logos/col523.jpg?h=43&w=43&mode=stretch
Bengtol College,"Guwahati, Assam",https://images.collegedunia.com/public/college_data/images/logos/1412770385L_46699.gif?h=43&w=43&mode=stretch
Bhawanipur Anchalik College,"Barpeta, Assam",https://images.collegedunia.com/public/college_data/images/logos/1416310575logo1.jpg?h=43&w=43&mode=stretch
Bhawanipur Hastinapur Bijni College - [BHB],"Barpeta, Assam",https://images.collegedunia.com/public/college_data/images/logos/1416374844logo.jpg?h=43&w=43&mode=stretch
Bhola Nath College,"Dhubri, Assam",https://images.collegedunia.com/public/college_data/images/logos/col620.jpg?h=43&w=43&mode=stretch
Bihpuria College,"Lakhimpur, Assam",https://images.collegedunia.com/public/college_data/images/logos/1413625757bihpuria college.png?h=43&w=43&mode=stretch
Bikali College,"Goalpara, Assam",https://images.collegedunia.com/public/college_data/images/logos/1395658581Bikali College.png?h=43&w=43&mode=stretch
Birjhora Kanya Mahavidyalaya,"Bongaigaon, Assam",https://images.collegedunia.com/public/college_data/images/logos/1419923296emblem.png?h=43&w=43&mode=stretch
Biswanath College,"Sonitpur, Assam",https://images.collegedunia.com/public/college_data/images/logos/col671.jpg?h=43&w=43&mode=stretch
Bongaigaon College,"Bongaigaon, Assam",https://images.collegedunia.com/public/college_data/images/logos/1393219377Bongaigaon College.png?h=43&w=43&mode=stretch
Cachar College,"Silchar, Assam",https://images.collegedunia.com/public/college_data/images/logos/14117332840.png?h=43&w=43&mode=stretch
Chaiduar College,"Sonitpur, Assam",https://images.collegedunia.com/public/college_data/images/logos/1395662430769.JPG?h=43&w=43&mode=stretch
Chandra Kamal Bezbaruah College - [CKB],"Jorhat, Assam","https://images.collegedunia.com/public/college_data/images/logos/1414751098img0007_05_01_01,,,.gif?h=43&w=43&mode=stretch"
Dakshin Kamrup College,"Nalbari, Assam",https://images.collegedunia.com/public/college_data/images/logos/col941.jpg?h=43&w=43&mode=stretch
Dakshin Kamrup Girls College,"Nagaon, Assam",https://images.collegedunia.com/public/college_data/images/logos/1413394099dakshin.jpg?h=43&w=43&mode=stretch
Darrang College,"Tezpur, Assam",https://images.collegedunia.com/public/college_data/images/logos/col957.jpg?h=43&w=43&mode=stretch
Debraj Roy College,"Golaghat, Assam",https://images.collegedunia.com/public/college_data/images/logos/col995.jpg?h=43&w=43&mode=stretch
Demow College,"Sibsagar, Assam",https://images.collegedunia.com/public/college_data/images/logos/14154259851.jpg?h=43&w=43&mode=stretch
DeviCharan Barua Girls College - [DCB],"Jorhat, Assam",https://images.collegedunia.com/public/college_data/images/logos/1415184925dcb-logo1.jpg?h=43&w=43&mode=stretch
Dhakuakhana College,"Lakhimpur, Assam",https://images.collegedunia.com/public/college_data/images/logos/1414828220tr1.png?h=43&w=43&mode=stretch
Dhemaji College,"Dhemaji, Assam",https://images.collegedunia.com/public/college_data/images/logos/1561440397download.jpg?h=43&w=43&mode=stretch
Dhemaji Commerce College,"Dhemaji, Assam",https://images.collegedunia.com/public/college_data/images/logos/1415095605logo123.jpg?h=43&w=43&mode=stretch
Dhing College,"Nagaon, Assam",https://images.collegedunia.com/public/college_data/images/logos/1415099235abhishe.jpg?h=43&w=43&mode=stretch
Dibru College,"Dibrugarh, Assam",https://images.collegedunia.com/public/college_data/images/logos/1415783334logo1.jpg?h=43&w=43&mode=stretch
Digboi College,"Dibrugarh, Assam",https://images.collegedunia.com/public/college_data/images/logos/col1085.jpg?h=43&w=43&mode=stretch
Dikhowmukh College,"Sibsagar, Assam",https://images.collegedunia.com/public/asset/img/placeholders/logo_placeholder_70X70.png?h=43&w=43&mode=stretch
Dimoria College,"Guwahati, Assam",https://images.collegedunia.com/public/college_data/images/logos/col1091.jpg?h=43&w=43&mode=stretch
Dudhnoi College,"Goalpara, Assam",https://images.collegedunia.com/public/college_data/images/logos/1424944527dc-logo1.jpg?h=43&w=43&mode=stretch
Duliajan College,"Dibrugarh, Assam",https://images.collegedunia.com/public/college_data/images/logos/13957260491.png?h=43&w=43&mode=stretch
Goalpara College,"Goalpara, Assam",https://images.collegedunia.com/public/college_data/images/logos/col1395.jpg?h=43&w=43&mode=stretch
Gogamukh College,"Dhemaji, Assam",https://images.collegedunia.com/public/college_data/images/logos/col1403.jpg?h=43&w=43&mode=stretch
Goreswar College,"Baksa, Assam",https://images.collegedunia.com/public/college_data/images/logos/13957341721.png?h=43&w=43&mode=stretch
Hem Chandra Dev Goswami College - [HCDG],"Sibsagar, Assam",https://images.collegedunia.com/public/college_data/images/logos/1424238259sdhsdfnbufi.jpg?h=43&w=43&mode=stretch
Haji Anfr Ali College,"Nagaon, Assam",https://images.collegedunia.com/public/college_data/images/logos/1395742848Haji Anfr Ali College.png?h=43&w=43&mode=stretch
Hemo Prova Borbora Girls' College,"Golaghat, Assam",https://images.collegedunia.com/public/college_data/images/logos/1424322619frs1.jpg?h=43&w=43&mode=stretch
Jagannath Barooah College,"Jorhat, Assam",https://images.collegedunia.com/public/college_data/images/logos/1426841768jaganath ............jpg?h=43&w=43&mode=stretch
Jagiroad College,"Marigaon, Assam",https://images.collegedunia.com/public/college_data/images/logos/1426847955Jagiroad College.jpg?h=43&w=43&mode=stretch
Jorhat Kendriya Mahavidyalaya,"Jorhat, Assam",https://images.collegedunia.com/public/college_data/images/logos/col2200.jpg?h=43&w=43&mode=stretch
Joya Gogoi College - [JGC],"Golaghat, Assam",https://images.collegedunia.com/public/college_data/images/logos/col2204.jpg?h=43&w=43&mode=stretch
Kakojan College,"Jorhat, Assam",https://images.collegedunia.com/public/college_data/images/logos/13958153462290.JPG?h=43&w=43&mode=stretch
Kaliabor College,"Nagaon, Assam",https://images.collegedunia.com/public/college_data/images/logos/1425727666png.png?h=43&w=43&mode=stretch
Karimganj College,"Karimganj, Assam",https://images.collegedunia.com/public/college_data/images/logos/col32850.jpg?h=43&w=43&mode=stretch
Kharupetia College,"Darrang, Assam",https://images.collegedunia.com/public/college_data/images/logos/1426768684col2415.jpg?h=43&w=43&mode=stretch
Khowang College,"Dibrugarh, Assam",https://images.collegedunia.com/public/college_data/images/logos/1426672011jpeg.jpg?h=43&w=43&mode=stretch
Kokrajhar Government College,"Kokrajhar, Assam",https://images.collegedunia.com/public/college_data/images/logos/col2459.jpg?h=43&w=43&mode=stretch
Lakhimpur Girls' College,"Lakhimpur, Assam",https://images.collegedunia.com/public/college_data/images/logos/1425885027ikl.png?h=43&w=43&mode=stretch
Lanka Mahavidyalaya,"Nagaon, Assam",https://images.collegedunia.com/public/college_data/images/logos/1426152927lm-logo1.jpg?h=43&w=43&mode=stretch
Ledo College,"Tinsukia, Assam",https://images.collegedunia.com/public/college_data/images/logos/col2570.jpg?h=43&w=43&mode=stretch
Lumding College,"Nagaon, Assam",https://images.collegedunia.com/public/asset/img/placeholders/logo_placeholder_70X70.png?h=43&w=43&mode=stretch
MDK Girls College - [MDKG],"Dibrugarh, Assam","https://images.collegedunia.com/public/college_data/images/logos/1425532625memem,hkihn.jpg?h=43&w=43&mode=stretch"
Madhab Choudhury College,"Barpeta, Assam",https://images.collegedunia.com/public/college_data/images/logos/col2698.jpg?h=43&w=43&mode=stretch
Majuli College,"Jorhat, Assam",https://images.collegedunia.com/public/college_data/images/logos/col2858.jpg?h=43&w=43&mode=stretch
Margherita College,"Tinsukia, Assam",https://images.collegedunia.com/public/college_data/images/logos/col2923.jpg?h=43&w=43&mode=stretch
Moirabari College,"Marigaon, Assam",https://images.collegedunia.com/public/college_data/images/logos/1426914999mc-logo1.jpg?h=43&w=43&mode=stretch
Moran College,"Sibsagar, Assam",https://images.collegedunia.com/public/college_data/images/logos/col3028.jpg?h=43&w=43&mode=stretch
Moridhal College,"Dhemaji, Assam",https://images.collegedunia.com/public/college_data/images/logos/1425458953jpeg.jpg?h=43&w=43&mode=stretch
Morigaon College,"Marigaon, Assam",https://images.collegedunia.com/public/college_data/images/logos/1425461193png.png?h=43&w=43&mode=stretch
Nabajyoti College,"Barpeta, Assam",https://images.collegedunia.com/public/college_data/images/logos/1426050134png.png?h=43&w=43&mode=stretch
Nabin Chandra College,"Karimganj, Assam",https://images.collegedunia.com/public/college_data/images/logos/13959109573129.JPG?h=43&w=43&mode=stretch
Nagaon GNDG Commerce College,"Nagaon, Assam",https://images.collegedunia.com/public/college_data/images/logos/1393830023Nagaon G.N.D.G. Commerce College.png?h=43&w=43&mode=stretch
Naharkatiya College,"Dibrugarh, Assam",https://images.collegedunia.com/public/college_data/images/logos/1426055008png.jpg?h=43&w=43&mode=stretch
Nowgong College,"Nagaon, Assam",https://images.collegedunia.com/public/college_data/images/logos/16177737411605512131592.jpg?h=43&w=43&mode=stretch
Pandu College,"Guwahati, Assam",https://images.collegedunia.com/public/college_data/images/logos/col3368.jpg?h=43&w=43&mode=stretch
Panigaon Omprakash Dinodia College,"Lakhimpur, Assam",https://images.collegedunia.com/public/college_data/images/logos/1426920293ui.rd.png?h=43&w=43&mode=stretch
Paschim Guwahati Mahavidyalaya,"Guwahati, Assam",https://images.collegedunia.com/public/college_data/images/logos/col3385.jpg?h=43&w=43&mode=stretch
Radha Govinda Baruah College,"Guwahati, Assam",https://images.collegedunia.com/public/college_data/images/logos/13959957143577.JPG?h=43&w=43&mode=stretch
Raha College,"Nagaon, Assam",https://images.collegedunia.com/public/college_data/images/logos/1427181602Capture1111.jpg?h=43&w=43&mode=stretch
Rupahi College,"Nagaon, Assam",https://images.collegedunia.com/public/college_data/images/logos/1427275616logo1.jpg?h=43&w=43&mode=stretch
Saraighat College,"Dispur, Assam",https://images.collegedunia.com/public/college_data/images/logos/col4096.jpg?h=43&w=43&mode=stretch
Sibsagar Commerce College,"Sibsagar, Assam",https://images.collegedunia.com/public/college_data/images/logos/13966953694503.JPG?h=43&w=43&mode=stretch
Sibsagar Girls' College - [SGC],"Sibsagar, Assam",https://images.collegedunia.com/public/college_data/images/logos/13966955044504.JPG?h=43&w=43&mode=stretch
Silapathar College,"Dhemaji, Assam",https://images.collegedunia.com/public/college_data/images/logos/13966973864517.JPG?h=43&w=43&mode=stretch
Sipajhar College,"Darrang, Assam",https://images.collegedunia.com/public/college_data/images/logos/13966979124527.JPG?h=43&w=43&mode=stretch
Sonapur College,"Guwahati, Assam",https://images.collegedunia.com/public/college_data/images/logos/1626326669Screenshot20210715104611.png?h=43&w=43&mode=stretch
Sonari College,"Sibsagar, Assam",https://images.collegedunia.com/public/college_data/images/logos/1426939811jpeg.jpg?h=43&w=43&mode=stretch
Srikishan Sarda College - [SS],"Hailakandi, Assam",https://images.collegedunia.com/public/college_data/images/logos/col4873.jpg?h=43&w=43&mode=stretch
Suren Das College,"Dispur, Assam",https://images.collegedunia.com/public/college_data/images/logos/13974573695009.JPG?h=43&w=43&mode=stretch
Tezpur College,"Tezpur, Assam",https://images.collegedunia.com/public/college_data/images/logos/1427796905jpeg.jpg?h=43&w=43&mode=stretch
Tinsukia College,"Tinsukia, Assam",https://images.collegedunia.com/public/college_data/images/logos/1427802834jpeg.jpg?h=43&w=43&mode=stretch
Tyagbir Hem Baruah College - [THB],"Sonitpur, Assam",https://images.collegedunia.com/public/college_data/images/logos/1427806446jpeg.jpg?h=43&w=43&mode=stretch
Eastern Theological College,"Jorhat, Assam",https://images.collegedunia.com/public/college_data/images/logos/1425982369mabnhhgvvcc.jpg?h=43&w=43&mode=stretch
JD Institute of Fashion Technology,"Guwahati, Assam",https://images.collegedunia.com/public/college_data/images/logos/16157206661063619022609797325925507596622073736999478n.jpg?h=43&w=43&mode=stretch
Assam Govt Homoeopathic Medical College and Hospital - [AHMCH],"Nagaon, Assam",https://images.collegedunia.com/public/college_data/images/logos/1424421906ashams.jpg?h=43&w=43&mode=stretch
College of Veterinary Science,"Guwahati, Assam",https://images.collegedunia.com/public/college_data/images/logos/1425018684images.jpg?h=43&w=43&mode=stretch
Regional Dental College,"Guwahati, Assam",https://images.collegedunia.com/public/college_data/images/logos/1640245520LogoofRegionalDentalCollegeGuwahati.jpg?h=43&w=43&mode=stretch
Dispur Law College,"Guwahati, Assam",https://images.collegedunia.com/public/college_data/images/logos/1424865115Capture.jpg?h=43&w=43&mode=stretch
JB Law College,"Guwahati, Assam",https://images.collegedunia.com/public/college_data/images/logos/1422696828logo.jpg?h=43&w=43&mode=stretch
North Lakhimpur Law College,"Lakhimpur, Assam",https://images.collegedunia.com/public/college_data/images/logos/1423552540zoutons-online-coupons.jpg?h=43&w=43&mode=stretch
Gauhati Medical College and Hospital - [GMCH],"Guwahati, Assam",https://images.collegedunia.com/public/college_data/images/logos/1416052198logo1.jpg?h=43&w=43&mode=stretch
National Institute of Pharmaceutical Education And Research - [NIPER],"Guwahati, Assam",https://images.collegedunia.com/public/college_data/images/logos/1487050003niperlogo.jpg?h=43&w=43&mode=stretch
Assam Medical College,"Dibrugarh, Assam",https://images.collegedunia.com/public/college_data/images/logos/1700025846logomain1.png?h=43&w=43&mode=stretch
Jorhat Medical College - [JMC],"Jorhat, Assam",https://images.collegedunia.com/public/college_data/images/logos/col10596.jpg?h=43&w=43&mode=stretch
Silchar Medical College - [SMC],"Silchar, Assam",https://images.collegedunia.com/public/college_data/images/logos/1428388181jpeg.jpg?h=43&w=43&mode=stretch
Army Institute of Nursing - [AIN],"Guwahati, Assam",https://images.collegedunia.com/public/college_data/images/logos/1477301995col11288.jpg?h=43&w=43&mode=stretch
Asian Institute of Nursing Education - [AINE],"Guwahati, Assam",https://images.collegedunia.com/public/college_data/images/logos/1424781247jpeg.jpg?h=43&w=43&mode=stretch
CKB Commerce College,"Jorhat, Assam",https://images.collegedunia.com/public/college_data/images/logos/col15678.jpg?h=43&w=43&mode=stretch
DHSK Commerce College,"Dibrugarh, Assam",https://images.collegedunia.com/public/college_data/images/logos/col15719.jpg?h=43&w=43&mode=stretch
Nalbari Commerce College,"Nalbari, Assam",https://images.collegedunia.com/public/college_data/images/logos/1394086179Nalbari Commerce College.png?h=43&w=43&mode=stretch
Barama College,"Baksa, Assam",https://images.collegedunia.com/public/college_data/images/logos/col16422.jpg?h=43&w=43&mode=stretch
Barbhag College,"Nalbari, Assam",https://images.collegedunia.com/public/college_data/images/logos/139866551016423.JPG?h=43&w=43&mode=stretch
Birjhora Mahavidyalaya Degree and Science College,"Bongaigaon, Assam",https://images.collegedunia.com/public/college_data/images/logos/139866837116448.JPG?h=43&w=43&mode=stretch
Assam Institute of Management - [AIM],"Guwahati, Assam",https://images.collegedunia.com/public/college_data/images/logos/1644496700aimLogo.jpg?h=43&w=43&mode=stretch
Ataur Rahman College of Education - [ARCE],"Barpeta, Assam",https://images.collegedunia.com/public/asset/img/placeholders/logo_placeholder_70X70.png?h=43&w=43&mode=stretch
Baihata Chariali BEd College,"Nalbari, Assam",https://images.collegedunia.com/public/college_data/images/logos/1425291851jpeg.jpg?h=43&w=43&mode=stretch
Diphu BEd College,"Karbi Anglong, Assam",https://images.collegedunia.com/public/college_data/images/logos/1424434431Capture12.jpg?h=43&w=43&mode=stretch
Gossaigaon BEd College,"Kokrajhar, Assam",https://images.collegedunia.com/public/asset/img/placeholders/logo_placeholder_70X70.png?h=43&w=43&mode=stretch
Govt Shikshan Mahavidyalaya,"Nagaon, Assam",https://images.collegedunia.com/public/asset/img/placeholders/logo_placeholder_70X70.png?h=43&w=43&mode=stretch
Kaliabor College of Education,"Nagaon, Assam",https://images.collegedunia.com/public/asset/img/placeholders/logo_placeholder_70X70.png?h=43&w=43&mode=stretch
Krishna Bora BEd College,"Nagaon, Assam",https://images.collegedunia.com/public/college_data/images/logos/14279525403.jpg?h=43&w=43&mode=stretch
Patharkandi College of Education,"Karimganj, Assam",https://images.collegedunia.com/public/college_data/images/logos/1428145826logo 325r.png?h=43&w=43&mode=stretch
SDP College of Teacher Education,"Guwahati, Assam",https://images.collegedunia.com/public/college_data/images/logos/1426236789ilk.png?h=43&w=43&mode=stretch
Abhayapuri College,"Bongaigaon, Assam",https://images.collegedunia.com/public/college_data/images/logos/1423716427Abhayapuri-College-Logo.jpg?h=43&w=43&mode=stretch
Sibsagar College,"Sibsagar, Assam",https://images.collegedunia.com/public/college_data/images/logos/1426749940Capture.jpg?h=43&w=43&mode=stretch
Kaziranga University - [KU],"Jorhat, Assam",https://images.collegedunia.com/public/college_data/images/logos/1657957365logo2.png?h=43&w=43&mode=stretch
Krishna Kanta Handiqui State Open University - [KKHSOU],"Guwahati, Assam",https://images.collegedunia.com/public/college_data/images/logos/1420871274zoutons-online-coupons.jpg?h=43&w=43&mode=stretch
National Law University and Judicial Academy - [NLUJAA],"Guwahati, Assam",https://images.collegedunia.com/public/college_data/images/logos/1440667806Selection_108.png?h=43&w=43&mode=stretch
Tezpur University - [TU],"Tezpur, Assam",https://images.collegedunia.com/public/college_data/images/logos/uv25401.jpg?h=43&w=43&mode=stretch
Dibrugarh Polytechnic - [DP],"Dibrugarh, Assam",https://images.collegedunia.com/public/college_data/images/logos/1596098788dplogo.png?h=43&w=43&mode=stretch
Silchar Polytechnic - [SILPO],"Cachar, Assam",https://images.collegedunia.com/public/college_data/images/logos/1596087552splogo.jpg?h=43&w=43&mode=stretch
Royal School of Commerce,"Guwahati, Assam",https://images.collegedunia.com/public/college_data/images/logos/1428919096privait.jpg?h=43&w=43&mode=stretch
Tinsukia Commerce College - [TCC],"Tinsukia, Assam",https://images.collegedunia.com/public/college_data/images/logos/col47301.jpg?h=43&w=43&mode=stretch
Cotton University,"Guwahati, Assam",https://images.collegedunia.com/public/college_data/images/logos/15112678881395660654CottonCollege.png?h=43&w=43&mode=stretch
Directorate of Distance Education,"Dibrugarh, Assam",https://images.collegedunia.com/public/college_data/images/logos/1437128596images.jpg?h=43&w=43&mode=stretch
Academy Of Applied Arts - [AOAA],"Guwahati, Assam",https://images.collegedunia.com/public/college_data/images/logos/14643553311464242936logo_21.png?h=43&w=43&mode=stretch
Gauhati Commerce College,"Guwahati, Assam",https://images.collegedunia.com/public/college_data/images/logos/1470638992Untitled.1png.png?h=43&w=43&mode=stretch
Lala Rural College - [LRC],"Hailakandi, Assam",https://images.collegedunia.com/public/college_data/images/logos/1478244663lojo.jpg?h=43&w=43&mode=stretch
Third Eye College - [TEC],"Guwahati, Assam",https://images.collegedunia.com/public/asset/img/placeholders/logo_placeholder_70X70.png?h=43&w=43&mode=stretch
Fakhruddin Ali Ahmed Medical College and Hospital - [FAAMCH],"Barpeta, Assam",https://images.collegedunia.com/public/college_data/images/logos/1482829083Logo_of_FAAMC.jpeg?h=43&w=43&mode=stretch
Tezpur Medical College & Hospital - [TMC],"Tezpur, Assam",https://images.collegedunia.com/public/college_data/images/logos/1483681492dsew.png?h=43&w=43&mode=stretch
Lokanayak Omeo Kumar Das College - [LOKD],"Sonitpur, Assam",https://images.collegedunia.com/public/college_data/images/logos/1486978308logo.jpg?h=43&w=43&mode=stretch
Nalbari College,"Nalbari, Assam",https://images.collegedunia.com/public/college_data/images/logos/1487059370NalbariCollegelogo.png?h=43&w=43&mode=stretch
Assam University,"Diphu, Assam",https://images.collegedunia.com/public/college_data/images/logos/1487140600e1.jpg?h=43&w=43&mode=stretch
Pub Kamrup College,"Kamrup, Assam",https://images.collegedunia.com/public/college_data/images/logos/14872200673.jpg?h=43&w=43&mode=stretch
Tihu College,"Tihu, Assam",https://images.collegedunia.com/public/college_data/images/logos/1487571441lo2.png?h=43&w=43&mode=stretch
Gargaon College,"Sivasagar, Assam",https://images.collegedunia.com/public/college_data/images/logos/1487683685TheGargaonCollegeSivasagar.jpg?h=43&w=43&mode=stretch
Doomdooma College,"Dibrugarh, Assam",https://images.collegedunia.com/public/college_data/images/logos/1487761034999999999999999999999999999999999999999.jpg?h=43&w=43&mode=stretch
lumding college,"Guwahati, Assam",https://images.collegedunia.com/public/college_data/images/logos/1487842710Logo.jpg?h=43&w=43&mode=stretch
Bilasipara College,"Dhubri, Assam",https://images.collegedunia.com/public/college_data/images/logos/1487830043BilasiparaCollegeLogo.jpg?h=43&w=43&mode=stretch
North Lakhimpur College,"Lakhimpur, Assam",https://images.collegedunia.com/public/college_data/images/logos/1487832342logo1.png?h=43&w=43&mode=stretch
K.C. Das Commerce College,"Guwahati, Assam",https://images.collegedunia.com/public/college_data/images/logos/1487832798a.jpg?h=43&w=43&mode=stretch
Gurucharan College,"Silchar, Assam",https://images.collegedunia.com/public/college_data/images/logos/1487846283logo123.png?h=43&w=43&mode=stretch
Kumar Bhaskar Varma Sanskrit and Ancient Studies University - [KBVSASU],"Hatinamati, Assam",https://images.collegedunia.com/public/college_data/images/logos/1487921688f2.jpg?h=43&w=43&mode=stretch
Nowgong Girls' College,"Nagaon, Assam",https://images.collegedunia.com/public/college_data/images/logos/1491828480logo..jpg?h=43&w=43&mode=stretch
Inter National Institute of Fashion Design - [INIFD],"Guwahati, Assam",https://images.collegedunia.com/public/college_data/images/logos/1493386174Logo.jpg?h=43&w=43&mode=stretch
Bodoland University,"Kokrajhar, Assam",https://images.collegedunia.com/public/college_data/images/logos/1511941556lojo.png?h=43&w=43&mode=stretch
Assam Rajiv Gandhi University of Cooperative Management - [ARGUCOM],"Sivasagar, Assam",https://images.collegedunia.com/public/college_data/images/logos/1695819012Screenshot20230927181738.jpg?h=43&w=43&mode=stretch
Institute of Distance and Open Learning,"Guwahati, Assam",https://images.collegedunia.com/public/college_data/images/logos/1534850446images.jpg?h=43&w=43&mode=stretch
Don Bosco University Global Center for Open & Distance Education,"Guwahati, Assam",https://images.collegedunia.com/public/college_data/images/logos/1543554591donboscologo.jpg?h=43&w=43&mode=stretch
Centre for Open and Distance Learning - [CODL],"Napaam, Assam",https://images.collegedunia.com/public/college_data/images/logos/1543920283tlogo.png?h=43&w=43&mode=stretch
Pune Institute of Business Management - [PIBM],"Guwahati, Assam",https://images.collegedunia.com/public/college_data/images/logos/1617089547LOGO2.png?h=43&w=43&mode=stretch
Mangaldai Commerce College,"Darrang, Assam",https://images.collegedunia.com/public/college_data/images/logos/1564809374ezgif.comcrop1.jpg?h=43&w=43&mode=stretch
Krishnaguru Adhyatmik Visvavidyalaya,"Barpeta, Assam",https://images.collegedunia.com/public/college_data/images/logos/1646220356JVHJHJ.jpg?h=43&w=43&mode=stretch
Mahapurusha Srimanta Sankaradeva Viswavidyalaya,"Nagaon, Assam",https://images.collegedunia.com/public/college_data/images/logos/1584114292logoq.png?h=43&w=43&mode=stretch
Srimanta Sankaradeva University of Health Sciences - [SSUHS],"Guwahati, Assam",https://images.collegedunia.com/public/college_data/images/logos/1584430987ssuhslogo.jpg?h=43&w=43&mode=stretch
Furkating College - [FC],"Golaghat, Assam",https://images.collegedunia.com/public/college_data/images/logos/1594364386fclogo.png?h=43&w=43&mode=stretch
P.C.P.S. Girls' Polytechnic,"Guwahati, Assam",https://images.collegedunia.com/public/college_data/images/logos/1598703013pcplogo.png?h=43&w=43&mode=stretch
Nowgong Polytechnic,"Nagaon, Assam",https://images.collegedunia.com/public/college_data/images/logos/1599199358logo.png?h=43&w=43&mode=stretch
Goalpara Polytechnic,"Goalpara, Assam",https://images.collegedunia.com/public/college_data/images/logos/1599200594goal3.jpg?h=43&w=43&mode=stretch
Nalbari Polytechnic,"Nalbari, Assam",https://images.collegedunia.com/public/college_data/images/logos/1599207748assamlogo.jpg?h=43&w=43&mode=stretch
Residential Girls Polytechnic-[RGP],"Golaghat, Assam",https://images.collegedunia.com/public/college_data/images/logos/1599214642Assampat.jpg?h=43&w=43&mode=stretch
Barpeta Polytechnic,"Barpeta, Assam",https://images.collegedunia.com/public/asset/img/placeholders/logo_placeholder_70X70.png?h=43&w=43&mode=stretch
Assam Textile Institute - [ATI],"Guwahati, Assam",https://images.collegedunia.com/public/college_data/images/logos/1599284664logoATI.png?h=43&w=43&mode=stretch
sonitpur polytechnic,"Sonitpur, Assam",https://images.collegedunia.com/public/college_data/images/logos/1599458110latestlogo.png?h=43&w=43&mode=stretch
Sibsagar Polytechnic,"Sibsagar, Assam",https://images.collegedunia.com/public/college_data/images/logos/1599471442latestlogo.jpg?h=43&w=43&mode=stretch
Dhemaji Polytechnic,"Dhemaji, Assam",https://images.collegedunia.com/public/college_data/images/logos/1599466853dhemaji.jpg?h=43&w=43&mode=stretch
Golaghat Polytechnic,"Golaghat, Assam",https://images.collegedunia.com/public/college_data/images/logos/1599470777images.jpg?h=43&w=43&mode=stretch
Karimjang Polytechnic,"Karimganj, Assam",https://images.collegedunia.com/public/college_data/images/logos/1599481264699634382349205705198664543538406345408512n.jpg?h=43&w=43&mode=stretch
Lakhimpur Polytechnic College,"Lakhimpur, Assam",https://images.collegedunia.com/public/college_data/images/logos/1599641596infra2.jpg?h=43&w=43&mode=stretch
National Institute of Design - [NID],"Jorhat, Assam",https://images.collegedunia.com/public/college_data/images/logos/1600238434NIDlogo.png?h=43&w=43&mode=stretch
Madhabdev University,"Guwahati, Assam",https://images.collegedunia.com/public/college_data/images/logos/1600509345Logo.jpg?h=43&w=43&mode=stretch
Baksa Polytechnic,"Baksa, Assam",https://images.collegedunia.com/public/college_data/images/logos/1600689737bplogo.jpg?h=43&w=43&mode=stretch
Institute of Advanced Management - [IAM],"Guwahati, Assam",https://images.collegedunia.com/public/college_data/images/logos/1652775693logo.png?h=43&w=43&mode=stretch
NEPEDS Group of Institutions,"Guwahati, Assam",https://images.collegedunia.com/public/college_data/images/logos/1610968068croppedlogo.png?h=43&w=43&mode=stretch
PEWS Group of Institutions,"Guwahati, Assam",https://images.collegedunia.com/public/college_data/images/logos/1612857194Logo.jpg?h=43&w=43&mode=stretch
Jettwings Group of Institutes,"Guwahati, Assam",https://images.collegedunia.com/public/college_data/images/logos/1704701605WhatsAppImage20240105at1.33.51PM2.jpeg?h=43&w=43&mode=stretch
Majuli University of Culture,"Majuli, Assam",https://images.collegedunia.com/public/college_data/images/logos/1616649909logo.png?h=43&w=43&mode=stretch
Rabindranath Tagore University,"Golaghat, Assam",https://images.collegedunia.com/public/college_data/images/logos/1616660879logo2.png?h=43&w=43&mode=stretch
Arya Nursing College,"Guwahati, Assam",https://images.collegedunia.com/public/college_data/images/logos/1620388401LOGOOO.jpg?h=43&w=43&mode=stretch
CEC,"Guwahati, Assam",https://images.collegedunia.com/public/college_data/images/logos/1620735181download.jpg?h=43&w=43&mode=stretch
Indian Institute For Finance And Management - [IIFM],"Guwahati, Assam",https://images.collegedunia.com/public/college_data/images/logos/1626323181259.jpg?h=43&w=43&mode=stretch
Jettwings School of Aviation,"Kamrup, Assam",https://images.collegedunia.com/public/college_data/images/logos/1704701302WhatsAppImage20240105at1.33.52PM.jpeg?h=43&w=43&mode=stretch
Jettwings Business School,"Guwahati, Assam",https://images.collegedunia.com/public/college_data/images/logos/1704701762WhatsAppImage20240105at1.33.51PM.jpeg?h=43&w=43&mode=stretch
Jettwings Institute of Aviation and Hospitality Management,"Guwahati, Assam",https://images.collegedunia.com/public/college_data/images/logos/1704702572WhatsAppImage20240105at1.33.51PM1.jpeg?h=43&w=43&mode=stretch
NEF College of Pharmacy,"Guwahati, Assam",https://images.collegedunia.com/public/college_data/images/logos/1632826007download.jpg?h=43&w=43&mode=stretch
Pratiksha Institute of Pharmaceutical Sciences - [PIPS],"Guwahati, Assam",https://images.collegedunia.com/public/college_data/images/logos/1635582294PIPS.png?h=43&w=43&mode=stretch
Tinsukia Polytechnic,"Tinsukia, Assam",https://images.collegedunia.com/public/college_data/images/logos/1636972017download.jpg?h=43&w=43&mode=stretch
Gateway Institute of Hotel Management,"Guwahati, Assam",https://images.collegedunia.com/public/college_data/images/logos/1640679471logo.png?h=43&w=43&mode=stretch
J.B. Institute of Pharmacy - [JBIP],"Guwahati, Assam",https://images.collegedunia.com/public/college_data/images/logos/1641556845JBPharmacyLogowhite5.png?h=43&w=43&mode=stretch
NEF College,"Guwahati, Assam",https://images.collegedunia.com/public/college_data/images/logos/1644294665NEFCOLLEGEofMANAGEMENTandTECHNOLOGYGuwahati.jpg?h=43&w=43&mode=stretch
Flywayy Institute of Air Hostess Training - [FIAT],"Guwahati, Assam",https://images.collegedunia.com/public/college_data/images/logos/1645585473logo.png?h=43&w=43&mode=stretch
Guwahati Institute of Technology - [GIT],"Guwahati, Assam",https://images.collegedunia.com/public/college_data/images/logos/1646656990index.png?h=43&w=43&mode=stretch
Province College,"Guwahati, Assam",https://images.collegedunia.com/public/college_data/images/logos/1646735074ZYPRO1558380200.jpg?h=43&w=43&mode=stretch
Girijananda Chowdhury Institute of Pharmaceutical Science -[GIPS],"Tezpur, Assam",https://images.collegedunia.com/public/college_data/images/logos/1647332793index.png?h=43&w=43&mode=stretch
North Guwahati College,"Guwahati, Assam",https://images.collegedunia.com/public/college_data/images/logos/1647951986Screenshot20220322175441.png?h=43&w=43&mode=stretch
Guwahati Institute of Fashion Technology - [GIFT],"Guwahati, Assam",https://images.collegedunia.com/public/college_data/images/logos/1648104052Screenshot20220324120226.png?h=43&w=43&mode=stretch
NIEM The Institute Of Event Management,"Guwahati, Assam",https://images.collegedunia.com/public/college_data/images/logos/1648536848logo1.png?h=43&w=43&mode=stretch
Assam Down Town University Campus - powered by Sunstoneâ€™s,"Guwahati, Assam",https://images.collegedunia.com/public/college_data/images/logos/1650969081logo1.png?h=43&w=43&mode=stretch
The College of Aeronautical Engineering,"Guwahati, Assam",https://images.collegedunia.com/public/college_data/images/logos/1654234564logo.37eec9961.png?h=43&w=43&mode=stretch
Dhemaji Girl's College -[DGC],"Dhemaji, Assam",https://images.collegedunia.com/public/college_data/images/logos/16570120031467606.jpg?h=43&w=43&mode=stretch
Barnagar College-[BARNC],"Sorbhog, Assam",https://images.collegedunia.com/public/college_data/images/logos/1657020019download4.jpg?h=43&w=43&mode=stretch
Daffodil College of Horticulture,"Kamrup, Assam",https://images.collegedunia.com/public/college_data/images/logos/1658153126Screenshot20220718193511.png?h=43&w=43&mode=stretch
Dona International Institute of Assam,"Guwahati, Assam",https://images.collegedunia.com/public/college_data/images/logos/1679990513diialogo.jpg?h=43&w=43&mode=stretch
CIPET: Centre for Skilling and Technical Support - [CSTS],"Guwahati, Assam",https://images.collegedunia.com/public/college_data/images/logos/16843995563409722509706989407324955037850273940154102n.jpg?h=43&w=43&mode=stretch
Pratiksha Institute of Allied Health Sciences - [PIAHS],"Guwahati, Assam",https://images.collegedunia.com/public/college_data/images/logos/16909662488d5b76ea219148349200c001734480c4.png?h=43&w=43&mode=stretch
Pragjyotishpur University - [PJU],"Guwahati, Assam",https://images.collegedunia.com/public/college_data/images/logos/1691222733Untitled.png?h=43&w=43&mode=stretch
Nemcare Group Of Institutions - [NGI],"Guwahati, Assam",https://images.collegedunia.com/public/college_data/images/logos/1693805277androidicon192x192.png?h=43&w=43&mode=stretch
Regional College of Paramedical Health Sciences - [RCPHS],"Kamrup, Assam",https://images.collegedunia.com/public/college_data/images/logos/1695620768Screenshot20230925110359.jpg?h=43&w=43&mode=stretch
Assam Institute of Hotel Management - [AIHM],"Guwahati, Assam",https://images.collegedunia.com/public/college_data/images/logos/1695886503Untitled.png?h=43&w=43&mode=stretch
Only Chef - The School of Culinary Arts,"Guwahati, Assam",https://images.collegedunia.com/public/college_data/images/logos/1695896594Untitled.png?h=43&w=43&mode=stretch
Apollo College Of Nursing,"Guwahati, Assam",https://images.collegedunia.com/public/college_data/images/logos/1697446844apollohospitalguwahati.jpg?h=43&w=43&mode=stretch
School of Business,"Guwahati, Assam",https://images.collegedunia.com/public/college_data/images/logos/1709551997image6.png?h=43&w=43&mode=stretch
