Institutes Names,Institutes Place,Logo Link
Geeklogics Technlogies ,Hyderabad,https://images.collegedunia.com/public/image/institute/logo_1609245084Logo 2.jpg?h=40&w=40&mode=stretch
Webskitters Academy ,Kolkata,https://images.collegedunia.com/public/image/institute/logo_1609047467logo_1605876738logo.png?h=40&w=40&mode=stretch
SA Techno Solutions ,Chennai,https://images.collegedunia.com/public/image/institute/logo_1609048926logo.png?h=40&w=40&mode=stretch
Extra Course ,Hyderabad,https://images.collegedunia.com/public/image/institute/logo_1609294974Logo.png?h=40&w=40&mode=stretch
National Institute of Digital Marketing ,Bangalore,https://images.collegedunia.com/public/image/institute/logo_1609217407logo.jpg?h=40&w=40&mode=stretch
MindTech ,Hyderabad,https://images.collegedunia.com/public/image/institute/logo_1609151983logo (8).png?h=40&w=40&mode=stretch
Professional Institute of Marketing and Strategy ,Noida,https://images.collegedunia.com/public/image/institute/logo_1609173206logo (1).png?h=40&w=40&mode=stretch
CMC Madhyamgram ,Kolkata,https://images.collegedunia.com/public/image/institute/logo_1609227552CMC Logo.jpg?h=40&w=40&mode=stretch
Streamlyn Academy ,Bangalore,https://images.collegedunia.com/public/image/institute/logo_1670582835logo.png?h=40&w=40&mode=stretch
AsInfovision Digital Marketing Agency ,Gurgaon,https://images.collegedunia.com/public/image/institute/logo_1609563803ASINFOVISION- logo and coverpage.png?h=40&w=40&mode=stretch
Excel Sense ,Chennai,https://images.collegedunia.com/public/image/institute/logo_1609233473Excelsense logo.jpg?h=40&w=40&mode=stretch
Adwants Digimac ,Chennai,https://images.collegedunia.com/public/image/institute/logo_1609243984adwant logo.png?h=40&w=40&mode=stretch
Aswini Bajaj CFA ,Kolkata,https://images.collegedunia.com/public/image/institute/logo_1609246841Aswini logo.png?h=40&w=40&mode=stretch
Unicorn Soft Labs ,Secunderabad,https://images.collegedunia.com/public/image/institute/logo_1609253807Unicorn Soft Labs Pvt Ltd LOGO.jpg?h=40&w=40&mode=stretch
RGC IT SOLUTIONS ,New Delhi,https://images.collegedunia.com/public/image/institute/logo_1609310398logo.png?h=40&w=40&mode=stretch
Acesoftech Academy ,Kolkata,https://images.collegedunia.com/public/image/institute/logo_1609314821Acesoft logo.jpg?h=40&w=40&mode=stretch
Women`s Training Institute (Wti) ,New Delhi,https://images.collegedunia.com/public/image/institute/logo_1609322622y6.jpg?h=40&w=40&mode=stretch
i4best - Institute for Best Employability Skill Training ,Kolkata,https://images.collegedunia.com/public/image/institute/logo_1609325131I4BESTLOGO.png?h=40&w=40&mode=stretch
Sorav Jain ,Chennai,https://images.collegedunia.com/public/image/institute/logo_1609387787logo.png?h=40&w=40&mode=stretch
Trainings Tree ,Bangalore,https://images.collegedunia.com/public/image/institute/logo_1609394303TRAINING TREE -LOGO.jpg?h=40&w=40&mode=stretch
SJC Institute (CA),Kolkata,https://images.collegedunia.com/public/image/institute/logo_1634815167Logo.png?h=40&w=40&mode=stretch
Garia youth computer training centre ,Kolkata,https://images.collegedunia.com/public/image/institute/logo_1609858258images.jpg?h=40&w=40&mode=stretch
Digital Trainee ,Mumbai,https://images.collegedunia.com/public/image/institute/logo_1609509693logo (1).jpg?h=40&w=40&mode=stretch
Vestige Marketing Private Limited ,Kolkata,https://images.collegedunia.com/public/image/institute/logo_16095729241608546302571.jpeg?h=40&w=40&mode=stretch
Excel Superstar ,Mumbai,https://images.collegedunia.com/public/image/institute/logo_1609574681Logo (1).jpeg?h=40&w=40&mode=stretch
"ONLINE Training pragrammes at CADD CENTRE - Autocad, Solidworks, Staadpro, Catia Training Institute ",Noida,https://images.collegedunia.com/public/image/institute/logo_1609585783logo.jpg?h=40&w=40&mode=stretch
Content Writing Course ,Mumbai,https://images.collegedunia.com/public/image/institute/logo_1609670944logo.png?h=40&w=40&mode=stretch
GBIM Technologies Pvt Ltd. ,Mumbai,https://images.collegedunia.com/public/image/institute/logo_1609673237gbim_logo_80.png?h=40&w=40&mode=stretch
Digital Marketing Training Institute DigiDudes.In ,Hyderabad,https://images.collegedunia.com/public/image/institute/logo_1609700965digidude_logo.jpg?h=40&w=40&mode=stretch
Design Grantha ,Bhopal,https://images.collegedunia.com/public/image/institute/logo_1612688467lo.png?h=40&w=40&mode=stretch
Operating Media - Digital Marketing Training Institute ,Mumbai,https://images.collegedunia.com/public/image/institute/logo_1609738525cropped-logo_om.png?h=40&w=40&mode=stretch
ProShiksha Digital Marketing Courses Training Institute ,Thane,https://images.collegedunia.com/public/image/institute/logo_1609739750logo.png?h=40&w=40&mode=stretch
CourseVidya ,New Delhi,https://images.collegedunia.com/public/image/institute/logo_1609744107logo.png?h=40&w=40&mode=stretch
Zero2infynite ,Chennai,https://images.collegedunia.com/public/image/institute/logo_1609761078Logo.jpeg?h=40&w=40&mode=stretch
R R Technosoft ,Hyderabad,https://images.collegedunia.com/public/image/institute/logo_1609819411LOGO.jpg?h=40&w=40&mode=stretch
Techasoft Pvt. Ltd. - Software Development Company ,Bangalore,https://images.collegedunia.com/public/image/institute/logo_1609820573logo.png?h=40&w=40&mode=stretch
ESearch Advisors - Digital Marketing Course in Chennai ,Chennai,https://images.collegedunia.com/public/image/institute/logo_1609921696logo (16).jpg?h=40&w=40&mode=stretch
PromozSEO ,Kolkata,https://images.collegedunia.com/public/image/institute/logo_1609919863photo.jpg?h=40&w=40&mode=stretch
Kallada Academy ,Bangalore,https://images.collegedunia.com/public/image/institute/logo_1628680910Logo.png?h=40&w=40&mode=stretch
Study Feeds ,New Delhi,https://images.collegedunia.com/public/image/institute/logo_1610289739l.png?h=40&w=40&mode=stretch
RIM Defence Academy ,Jaipur,https://images.collegedunia.com/public/image/institute/logo_1610305910logo (1).png?h=40&w=40&mode=stretch
FITA ,Chennai,https://images.collegedunia.com/public/image/institute/logo_1610326601FITA_LOGO.JPG?h=40&w=40&mode=stretch
Jupiter Vidya ,Bangalore,https://images.collegedunia.com/public/image/institute/logo_1610357663logoo (1).png?h=40&w=40&mode=stretch
Training Classes ,Noida,https://images.collegedunia.com/public/image/institute/logo_1610363545logo.png?h=40&w=40&mode=stretch
KHYAATHI CLOUD TECHNOLOGIES ,Hyderabad,https://images.collegedunia.com/public/image/institute/logo_1610368467logo.jpeg?h=40&w=40&mode=stretch
Optron Academy (Digital Marketing Courses) ,Mumbai,https://images.collegedunia.com/public/image/institute/logo_1610374630logoo.png?h=40&w=40&mode=stretch
IAS Gyan Venika ,Ghaziabad,https://images.collegedunia.com/public/image/institute/logo_1610519377download.png?h=40&w=40&mode=stretch
Dr Surendra's IAS Academy ,Ghaziabad,https://images.collegedunia.com/public/image/institute/logo_161053820251781063_2217655791816070_7367059211286478848_n.jpg?h=40&w=40&mode=stretch
Azent Overseas Education ,Thane,https://images.collegedunia.com/public/image/institute/logo_1613298372download (2).png?h=40&w=40&mode=stretch
ETUDEMY ,Bangalore,https://images.collegedunia.com/public/image/institute/logo_1610638437cover.png?h=40&w=40&mode=stretch
SNY Cosmos Overseas Edu Consultants P Ltd ,Bangalore,https://images.collegedunia.com/public/image/institute/logo_1610691393l.png?h=40&w=40&mode=stretch
Excel Education Institute ,Bangalore,https://images.collegedunia.com/public/image/institute/logo_1610691434logo_1.png?h=40&w=40&mode=stretch
ESearch Advisors ,Chennai,https://images.collegedunia.com/public/image/institute/logo_1610709801ESearch Advisors logo.jpg?h=40&w=40&mode=stretch
KriS' School of Webdesign ,Bangalore,https://images.collegedunia.com/public/image/institute/logo_1610710214l.png?h=40&w=40&mode=stretch
Applied Cloud Computing ,Thane,https://images.collegedunia.com/public/image/institute/logo_1610721144applied-cloud-computiNG_LOGO.png?h=40&w=40&mode=stretch
Neon Classes (SSC),Jaipur,https://images.collegedunia.com/public/image/institute/logo_1626266865logo.jpg?h=40&w=40&mode=stretch
GoDigi Infotech ,Pune,https://images.collegedunia.com/public/image/institute/logo_1610724827godigi_logo.JPG?h=40&w=40&mode=stretch
Tejas Academy ,New Delhi,https://images.collegedunia.com/public/image/institute/logo_1610725057images (28).jpeg?h=40&w=40&mode=stretch
Bsogy Infotech (Data Science Course),Mumbai,https://images.collegedunia.com/public/image/institute/logo_1610732280logo.png?h=40&w=40&mode=stretch
I'M AN IAS ACADEMY ,Chennai,https://images.collegedunia.com/public/image/institute/logo_1610785419coverpage (1).png?h=40&w=40&mode=stretch
RR Technosoft ,Hyderabad,https://images.collegedunia.com/public/image/institute/logo_1610795738logo.png?h=40&w=40&mode=stretch
Click Academy of Digital Art ,Kolkata,https://images.collegedunia.com/public/image/institute/logo_1610797462logo.jpg?h=40&w=40&mode=stretch
CAD Desk Hadapsar ,Pune,https://images.collegedunia.com/public/image/institute/logo_1610883547ll.jpg?h=40&w=40&mode=stretch
TechJogi ,Bhopal,https://images.collegedunia.com/public/image/institute/logo_1610897170logo-png1 (1).png?h=40&w=40&mode=stretch
Pyramid eServices ,Hyderabad,https://images.collegedunia.com/public/image/institute/logo_1610945736pes-logo.png?h=40&w=40&mode=stretch
Tech Altum - Computer Training Institute ,Noida,https://images.collegedunia.com/public/image/institute/logo_1610959033ta_logo.jpg?h=40&w=40&mode=stretch
Prime Commerce Academy ,New Delhi,https://images.collegedunia.com/public/image/institute/logo_1610960811logo.png?h=40&w=40&mode=stretch
Global Academy of Life Science ,New Delhi,https://images.collegedunia.com/public/image/institute/logo_1610977685GTAD logo.png?h=40&w=40&mode=stretch
Optimus Global ,Kolkata,https://images.collegedunia.com/public/image/institute/logo_1611082796logo (5).jpg?h=40&w=40&mode=stretch
G S ACADEMY ,New Delhi,https://images.collegedunia.com/public/image/institute/logo_1611122009G S ACADEMy_logo.JPG?h=40&w=40&mode=stretch
Sanjay Jain Web Designer ,New Delhi,https://images.collegedunia.com/public/image/institute/logo_1611127083Logo.jpg?h=40&w=40&mode=stretch
Digital Scholar - Digital Marketing Training Institute ,Chennai,https://images.collegedunia.com/public/image/institute/logo_1611213998Logo.png?h=40&w=40&mode=stretch
AcademyPlus ,New Delhi,https://images.collegedunia.com/public/image/institute/logo_1611219260logo-1.png?h=40&w=40&mode=stretch
Dr. P.S Rao IELTS Institute ,Hyderabad,https://images.collegedunia.com/public/image/institute/logo_1611227092Logo.jpg?h=40&w=40&mode=stretch
MANTRA EDUCATION ,Jaipur,https://images.collegedunia.com/public/image/institute/logo_1611240062Logo.jpg?h=40&w=40&mode=stretch
Admissify Edutech ,New Delhi,https://images.collegedunia.com/public/image/institute/logo_1611244111Logo.png?h=40&w=40&mode=stretch
JJ Mentor Training Institute ,Bangalore,https://images.collegedunia.com/public/image/institute/logo_1611287681logo.PNG?h=40&w=40&mode=stretch
Nucleon Aamir Rizvi Classes ,Bhopal,https://images.collegedunia.com/public/image/institute/logo_1611295566Logo.jpg?h=40&w=40&mode=stretch
Eva Stalin IAS Academy ,Chennai,https://images.collegedunia.com/public/image/institute/logo_1611298642eva-stalin Logo.png?h=40&w=40&mode=stretch
CAD Odessey ,,https://images.collegedunia.com/public/image/institute/logo_1611302977logo (3).png?h=40&w=40&mode=stretch
Pradhan Sir Biology Classes ,Kolkata,https://images.collegedunia.com/public/image/institute/logo_1611306747Logo.jpg?h=40&w=40&mode=stretch
Teaching Care Pvt Ltd ,New Delhi,https://images.collegedunia.com/public/image/institute/logo_1611314247logoteacher.jpg?h=40&w=40&mode=stretch
i-Quad Technologies ,Bangalore,https://images.collegedunia.com/public/image/institute/logo_1611331929logo1.jpg?h=40&w=40&mode=stretch
Ribosome institute ,Indore,https://images.collegedunia.com/public/image/institute/logo_1611336883Ribosome Logo.jpg?h=40&w=40&mode=stretch
Impetus IT Services ,Pune,https://images.collegedunia.com/public/image/institute/logo_1611374721Logo.png?h=40&w=40&mode=stretch
TCS Academy ,Lucknow,https://images.collegedunia.com/public/image/institute/logo_1617636552Tcs Academy - UGC NET JRF_TET_KVS_PRT_PGT_TGT_CTET Coaching in Lucknow(1).jpg?h=40&w=40&mode=stretch
ICS Coaching Center ,Palwal,https://images.collegedunia.com/public/image/institute/logo_1611545680LOGO.png?h=40&w=40&mode=stretch
KODNEST ,Bangalore,https://images.collegedunia.com/public/image/institute/logo_1611758381LOGO.jpg?h=40&w=40&mode=stretch
Nexiot IoT Labs ,Bangalore,https://images.collegedunia.com/public/image/institute/logo_1611835739logo.png?h=40&w=40&mode=stretch
Motions Academy ,Jaipur,https://images.collegedunia.com/public/image/institute/logo_1611842227AnyConv.com__logo.jpg?h=40&w=40&mode=stretch
CAMBRIDGE Academy of English ,Bangalore,https://images.collegedunia.com/public/image/institute/logo_1611912689cambridge academy_logo.JPG?h=40&w=40&mode=stretch
WORKDAY TRAINING ,Bangalore,https://images.collegedunia.com/public/image/institute/logo_1611948807WTD.png?h=40&w=40&mode=stretch
Erudite English Literature Classes ,Jaipur,https://images.collegedunia.com/public/image/institute/logo_1611991143Erudite English Literature Classes  LOGO.jpg?h=40&w=40&mode=stretch
Inspiral Coaching ,Kolkata,https://images.collegedunia.com/public/image/institute/logo_1611991191LO.png?h=40&w=40&mode=stretch
ASL - An Institute of English Language and Public speaking ,Noida,https://images.collegedunia.com/public/image/institute/logo_161199957516711762_252280898552784_4140959355806163430_n.jpg?h=40&w=40&mode=stretch
NIME PG Coaching ,Panchkula,https://images.collegedunia.com/public/image/institute/logo_1612023608LOGO.png?h=40&w=40&mode=stretch
Digitechniks ,Bangalore,https://images.collegedunia.com/public/image/institute/logo_1612037179LOGO.jpg?h=40&w=40&mode=stretch
SACDAP Institute ,Gurgaon,https://images.collegedunia.com/public/image/institute/logo_1612061797Logo.jpg?h=40&w=40&mode=stretch
Vasudha Jain Classes ,New Delhi,https://images.collegedunia.com/public/image/institute/logo_1612071073Logo.jpg?h=40&w=40&mode=stretch
G C S Institute Of Computer Technologies ,Hyderabad,https://images.collegedunia.com/public/image/institute/logo_1612075402LOGO.png?h=40&w=40&mode=stretch
Softpro Academy ,Mumbai,https://images.collegedunia.com/public/image/institute/logo_1612075918LOGO.PNG?h=40&w=40&mode=stretch
Sawan's Institute of English Language {SSC-CGL/10+2} ,Jaipur,https://images.collegedunia.com/public/image/institute/logo_1612115877images (2).jfif?h=40&w=40&mode=stretch
Hrishi Computer Education ,Vasai,https://images.collegedunia.com/public/image/institute/logo_1612240447hrishicomputerlogo.png?h=40&w=40&mode=stretch
ARU COACHING CLASSES ,Pune,https://images.collegedunia.com/public/image/institute/logo_1612244182aru-coaching Classes Logo.png?h=40&w=40&mode=stretch
ETUDEMY ,Bangalore,https://images.collegedunia.com/public/image/institute/logo_1612252246logo.jpg?h=40&w=40&mode=stretch
Economics Classes ,New Delhi,https://images.collegedunia.com/public/image/institute/logo_1612279926cover.jpg?h=40&w=40&mode=stretch
Dr Prem and Associates ,Mumbai,https://images.collegedunia.com/public/image/institute/logo_1612335879LOGO (17).jpg?h=40&w=40&mode=stretch
H.V Desai Competitive Exam Center ,Pune,https://images.collegedunia.com/public/image/institute/logo_1612347535Logo.jpg?h=40&w=40&mode=stretch
Microtech Global IT Solution ,Kolkata,https://images.collegedunia.com/public/image/institute/logo_1612358743llogop.png?h=40&w=40&mode=stretch
VERTEX Commerce Coaching Centre ,Kolkata,https://images.collegedunia.com/public/image/institute/logo_1612378181logo (20).jpg?h=40&w=40&mode=stretch
Tekatron ,Bangalore,https://images.collegedunia.com/public/image/institute/logo_1612407975Logo.jpg?h=40&w=40&mode=stretch
MS in Germany ,Bangalore,https://images.collegedunia.com/public/image/institute/logo_1612420098logo.png?h=40&w=40&mode=stretch
Nesto Institute ,Chennai,https://images.collegedunia.com/public/image/institute/logo_1612426667images (31).jpeg?h=40&w=40&mode=stretch
TihuTechSolutions (Data Science Course),New Delhi,https://images.collegedunia.com/public/image/institute/logo_1612445228logo (16).png?h=40&w=40&mode=stretch
Bluesky Immigration and Students Consultancy Services ,New Delhi,https://images.collegedunia.com/public/image/institute/logo_1612452208logo.png?h=40&w=40&mode=stretch
SpidervellA Technologies Pvt. Ltd. ,Bangalore,https://images.collegedunia.com/public/image/institute/logo_1612460555logo.jpg?h=40&w=40&mode=stretch
Best Digital Marketing Training Classes ,Ghaziabad,https://images.collegedunia.com/public/image/institute/logo_1612508827logo (25).jpg?h=40&w=40&mode=stretch
Sravani EduCare ,Hyderabad,https://images.collegedunia.com/public/image/institute/logo_1612509432logo (1).png?h=40&w=40&mode=stretch
Growth Centre India Private Limited ,Mumbai,https://images.collegedunia.com/public/image/institute/logo_1612512370G.png?h=40&w=40&mode=stretch
Training Class ,Noida,https://images.collegedunia.com/public/image/institute/logo_1612516027logo1.jpg?h=40&w=40&mode=stretch
The Bhawanipur Design Academy ,Kolkata,https://images.collegedunia.com/public/image/institute/logo_1612524624logo.gif?h=40&w=40&mode=stretch
EMTECH FOUNDATION ,New Delhi,https://images.collegedunia.com/public/image/institute/logo_1612549536emtech-logo.png?h=40&w=40&mode=stretch
The Fulcrum ,New Delhi,https://images.collegedunia.com/public/image/institute/logo_1612585195logo-fulcrum.png?h=40&w=40&mode=stretch
Rajaram Kamat CFA Classes ,Mumbai,https://images.collegedunia.com/public/image/institute/logo_1612598778logo-wide.png?h=40&w=40&mode=stretch
KALKA IAS ACADEMY ,Bhopal,https://images.collegedunia.com/public/image/institute/logo_1612614238LOGO.png?h=40&w=40&mode=stretch
After XII Institute ,Jaipur,https://images.collegedunia.com/public/image/institute/logo_1612625390c-after-xii-institute-jaipur-3522.png?h=40&w=40&mode=stretch
Banco Career Academy ,Sikar,https://images.collegedunia.com/public/image/institute/logo_1612634393images (9).jpeg?h=40&w=40&mode=stretch
Council For American Education ,New Delhi,https://images.collegedunia.com/public/image/institute/logo_1612757928COUNCIL_LOGO.jpg?h=40&w=40&mode=stretch
DesignBoat UI/UX School ,Bangalore,https://images.collegedunia.com/public/image/institute/logo_1612760861DesignBoat UI_UX School_logo.JPG?h=40&w=40&mode=stretch
Study Smart ,New Delhi,https://images.collegedunia.com/public/image/institute/logo_1612791655study_logo.JPG?h=40&w=40&mode=stretch
English Ninjas ,New Delhi,https://images.collegedunia.com/public/image/institute/logo_1612801121LOGO.jpg?h=40&w=40&mode=stretch
KREATIVE LANGUAGE HUB ,New Delhi,https://images.collegedunia.com/public/image/institute/logo_1612801826logo.jpg?h=40&w=40&mode=stretch
Excellent Education ,Pune,https://images.collegedunia.com/public/image/institute/logo_1612856524Logo.png?h=40&w=40&mode=stretch
Learning Power ,New Delhi,https://images.collegedunia.com/public/image/institute/logo_1612864962Logo.png?h=40&w=40&mode=stretch
Second Tongue Language Institute ,Mumbai,https://images.collegedunia.com/public/image/institute/logo_1612866306logo (1).png?h=40&w=40&mode=stretch
Swhizz Technologies ,Hyderabad,https://images.collegedunia.com/public/image/institute/logo_1612869557swhizz_logo.jpg?h=40&w=40&mode=stretch
School of Spanish ,New Delhi,https://images.collegedunia.com/public/image/institute/logo_1612891278logo.jpg?h=40&w=40&mode=stretch
Swiss School Of Language ,New Delhi,https://images.collegedunia.com/public/image/institute/logo_1612893018logo.png?h=40&w=40&mode=stretch
Rajyaseva ,Pune,https://images.collegedunia.com/public/image/institute/logo_1612952771LOGO.png?h=40&w=40&mode=stretch
LAMP INSTITUTE ,Hyderabad,https://images.collegedunia.com/public/image/institute/logo_1612955153LAMP INSTITUTE _LOGO.JPG?h=40&w=40&mode=stretch
Singh Tutorials ,Bangalore,https://images.collegedunia.com/public/image/institute/logo_1612965777LOGO (30).png?h=40&w=40&mode=stretch
BACentric ,Hyderabad,https://images.collegedunia.com/public/image/institute/logo_1612975822LOGO.jpg?h=40&w=40&mode=stretch
Oasis Academy of Education ,New Delhi,https://images.collegedunia.com/public/image/institute/logo_1612986397LOGO.jpg?h=40&w=40&mode=stretch
RDC Study Circle ,Ghaziabad,https://images.collegedunia.com/public/image/institute/logo_1613026655Logo (3).jpg?h=40&w=40&mode=stretch
SEO PPC Training Center ,New Delhi,https://images.collegedunia.com/public/image/institute/logo_1613111293LOGO (42).jpg?h=40&w=40&mode=stretch
Japanese Language School ,Bangalore,https://images.collegedunia.com/public/image/institute/logo_1616434154Japanese Language School COVER.jpg?h=40&w=40&mode=stretch
Rajyaseva MPSC-UPSC Coaching Classes and Library ,Pune,https://images.collegedunia.com/public/image/institute/logo_1613193268-logo-1.png?h=40&w=40&mode=stretch
Arena Animation (3D Animation),Kolkata,https://images.collegedunia.com/public/image/institute/logo_1633096976are lo.png?h=40&w=40&mode=stretch
Exceed IT Academy ,Bangalore,https://images.collegedunia.com/public/image/institute/logo_1613455291Exceed it Logo.png?h=40&w=40&mode=stretch
Ignite Academy ,Hyderabad,https://images.collegedunia.com/public/image/institute/logo_1613396355logo_.jpg?h=40&w=40&mode=stretch
Vaibhav Sir Coaching ,Pune,https://images.collegedunia.com/public/image/institute/logo_1613464800VBS Logo.png?h=40&w=40&mode=stretch
Linguistic Academy ,New Delhi,https://images.collegedunia.com/public/image/institute/logo_1613474731unnamed (38).jpg?h=40&w=40&mode=stretch
I'm An Ias Academy ,Chennai,https://images.collegedunia.com/public/image/institute/logo_1613477339logo and coverpage.jpg?h=40&w=40&mode=stretch
IAS  Vision ,Kolkata,https://images.collegedunia.com/public/image/institute/logo_1613485620logo and coverpage.png?h=40&w=40&mode=stretch
Khandelwal Classes ,Mumbai,https://images.collegedunia.com/public/image/institute/logo_1613542263logo.png?h=40&w=40&mode=stretch
IACE ,Hyderabad,https://images.collegedunia.com/public/image/institute/logo_1613555381LOGO (4).png?h=40&w=40&mode=stretch
Foreign Classes India ,Ghaziabad,https://images.collegedunia.com/public/image/institute/logo_1613616251logo (1).png?h=40&w=40&mode=stretch
DesignXP - Best UI UX Design Training ,New Delhi,https://images.collegedunia.com/public/image/institute/logo_1613653795Logo (12).PNG?h=40&w=40&mode=stretch
IB Institute ,New Delhi,https://images.collegedunia.com/public/image/institute/logo_1613671466logo.jpg?h=40&w=40&mode=stretch
PUNIA EDUCATION AND TRAINING PVT.LTD ,Jaipur,https://images.collegedunia.com/public/image/institute/logo_1613709583logo.jpg?h=40&w=40&mode=stretch
Impulse IAS ,Kolkata,https://images.collegedunia.com/public/image/institute/logo_1613710093logo.png?h=40&w=40&mode=stretch
Siddhanta Classes ,Kolkata,https://images.collegedunia.com/public/image/institute/logo_1613714249SIDDHANTA CLASSES Logo.png?h=40&w=40&mode=stretch
Royal Defence Academy ,Jaipur,https://images.collegedunia.com/public/image/institute/logo_1613734980logo.jpg?h=40&w=40&mode=stretch
LeelaJay Technologies ,Noida,https://images.collegedunia.com/public/image/institute/logo_1613739480logo.png?h=40&w=40&mode=stretch
Sambodhi Career Academy ,Mumbai,https://images.collegedunia.com/public/image/institute/logo_1613755735logo.jpg?h=40&w=40&mode=stretch
Afa Jaipur Raja Park ,New Delhi,https://images.collegedunia.com/public/image/institute/logo_1613756102logo (4) (1).png?h=40&w=40&mode=stretch
Sihanta IAS ,New Delhi,https://images.collegedunia.com/public/image/institute/logo_1613756537logo.png?h=40&w=40&mode=stretch
Sparda Chaitra ,Bangalore,https://images.collegedunia.com/public/image/institute/logo_1613757437logo.jpg?h=40&w=40&mode=stretch
L2A ,New Delhi,https://images.collegedunia.com/public/image/institute/logo_1613799873logo6.jpg?h=40&w=40&mode=stretch
Vision Point English ,Bhopal,https://images.collegedunia.com/public/image/institute/logo_1613801895logo.jpg?h=40&w=40&mode=stretch
EnglishMate ,New Delhi,https://images.collegedunia.com/public/image/institute/logo_1613829052Screenshot_20210220-191719_2.png?h=40&w=40&mode=stretch
The AntiAlias | UI/UX Agency ,New Delhi,https://images.collegedunia.com/public/image/institute/logo_1613829414Logo (20).png?h=40&w=40&mode=stretch
Lakme Academy ,New Delhi,https://images.collegedunia.com/public/image/institute/logo_1613842110l1.png?h=40&w=40&mode=stretch
CLATutor ,Bangalore,https://images.collegedunia.com/public/image/institute/logo_1613843786Logo.jpg?h=40&w=40&mode=stretch
Gurukul vidya institute ,Chandigarh,https://images.collegedunia.com/public/image/institute/logo_1613843907logo (13).jpg?h=40&w=40&mode=stretch
Gyan IAS ,Roorkee,https://images.collegedunia.com/public/image/institute/logo_1613845118Logo.jpg?h=40&w=40&mode=stretch
Sanskriti IAS Coaching ,New Delhi,https://images.collegedunia.com/public/image/institute/logo_1613848478Logo.jpg?h=40&w=40&mode=stretch
Career IAS ,New Delhi,https://images.collegedunia.com/public/image/institute/logo_1613849501Logo.jpg?h=40&w=40&mode=stretch
The Scorpoverseas ,New Delhi,https://images.collegedunia.com/public/image/institute/logo_1613879032Screenshot 2021-02-21 090938.png?h=40&w=40&mode=stretch
Learnbay ,Bangalore,https://images.collegedunia.com/public/image/institute/logo_1613882231Screenshot 2021-02-21 100535.png?h=40&w=40&mode=stretch
Percoyo Pvt Ltd ,Bangalore,https://images.collegedunia.com/public/image/institute/logo_161389149520190820212115.png?h=40&w=40&mode=stretch
Wisdom Ms ,Chennai,https://images.collegedunia.com/public/image/institute/logo_1613894040logo.png?h=40&w=40&mode=stretch
Elite English Academy ,Madurai,https://images.collegedunia.com/public/image/institute/logo_1613916234e1.PNG?h=40&w=40&mode=stretch
Zenith Institute ,Kolkata,https://images.collegedunia.com/public/image/institute/logo_1613991042ZENITH INSTITUTE Logo.png?h=40&w=40&mode=stretch
Rayat Prabodhini ,Pune,https://images.collegedunia.com/public/image/institute/logo_1614008600Logo.jpeg?h=40&w=40&mode=stretch
Aram IAS Academy ,Chennai,https://images.collegedunia.com/public/image/institute/logo_1614060112-aram_logo.png?h=40&w=40&mode=stretch
Target Nurses Academy ,Chennai,https://images.collegedunia.com/public/image/institute/logo_1614080745LOGO.png?h=40&w=40&mode=stretch
Selvi School of Sonology ,Chennai,https://images.collegedunia.com/public/image/institute/logo_1614151177LOGO.pn.jpg?h=40&w=40&mode=stretch
Param Visa Services ,Bangalore,https://images.collegedunia.com/public/image/institute/logo_1614164288logo.jpg?h=40&w=40&mode=stretch
AORTA - Digital Marketing Training | Digital Marketing Course ,Chennai,https://images.collegedunia.com/public/image/institute/logo_1614221249logo.png?h=40&w=40&mode=stretch
Trans-IT Computer Institute ,Mumbai,https://images.collegedunia.com/public/image/institute/logo_1614226729logo.png?h=40&w=40&mode=stretch
Hrishi Computer Education Vasai ,Mumbai,https://images.collegedunia.com/public/image/institute/logo_1614229115logo (3).png?h=40&w=40&mode=stretch
ACCON Staff Nurse Coaching ,Jaipur,https://images.collegedunia.com/public/image/institute/logo_1614232459logo (7).png?h=40&w=40&mode=stretch
Institute of Academic Excellence ,Kolkata,https://images.collegedunia.com/public/image/institute/logo_1614238710IAE Logo.png?h=40&w=40&mode=stretch
SSB COACHING INSTITUTE ,Chennai,https://images.collegedunia.com/public/image/institute/logo_1614243548LOGO.png?h=40&w=40&mode=stretch
V And P Visas ,Bangalore,https://images.collegedunia.com/public/image/institute/logo_1614256391logo.jpg?h=40&w=40&mode=stretch
Tapoban Study Centre ,Hooghly,https://images.collegedunia.com/public/image/institute/logo_1614250351LOGO.jpg?h=40&w=40&mode=stretch
INaWORD ,Chennai,https://images.collegedunia.com/public/image/institute/logo_1614262313cropped-inaword-logo1.png?h=40&w=40&mode=stretch
IMAGIC ,Kolkata,https://images.collegedunia.com/public/image/institute/logo_1614276348Logo.jpg?h=40&w=40&mode=stretch
Ideal Computer Education ,Mumbai,https://images.collegedunia.com/public/image/institute/logo_1614280561Logo.jpg?h=40&w=40&mode=stretch
PHP Web Solz ,Barrackpore,https://images.collegedunia.com/public/image/institute/logo_1614281573Logo.jpg?h=40&w=40&mode=stretch
Home Tuition Service ,New Delhi,https://images.collegedunia.com/public/image/institute/logo_1614311374Logo (9).png?h=40&w=40&mode=stretch
Pristine InfoSolutions ,Mumbai,https://images.collegedunia.com/public/image/institute/logo_1614316579logo.jpg?h=40&w=40&mode=stretch
BestDotnettraining ,Secunderabad,https://images.collegedunia.com/public/image/institute/logo_1614318947LOGO.png?h=40&w=40&mode=stretch
Bsogy Infotech ,Mumbai,https://images.collegedunia.com/public/image/institute/logo_1614341036Logo.png?h=40&w=40&mode=stretch
GNITT Computer Education ,Hyderabad,https://images.collegedunia.com/public/image/institute/logo_1614342435LOGO.jpg?h=40&w=40&mode=stretch
Autocad Training Authorised Institute ,Bangalore,https://images.collegedunia.com/public/image/institute/logo_1614347225LOGO.png?h=40&w=40&mode=stretch
JS Academy ,Bangalore,https://images.collegedunia.com/public/image/institute/logo_1614351015LOGO.PNG?h=40&w=40&mode=stretch
Career Impact ,Mumbai,https://images.collegedunia.com/public/image/institute/logo_1614423257LOGO (3).jpeg?h=40&w=40&mode=stretch
Salesforce Online Training Hyderabad ,Hyderabad,https://images.collegedunia.com/public/image/institute/logo_1614429121LOGO.png?h=40&w=40&mode=stretch
Law Prep Tutorial ,Jodhpur,https://images.collegedunia.com/public/image/institute/logo_1614434111download.png?h=40&w=40&mode=stretch
Pepper Animation (3D Animation),New Delhi,https://images.collegedunia.com/public/image/institute/?h=40&w=40&mode=stretch
Meritorious Academy Pvt. Ltd. ,New Delhi,https://images.collegedunia.com/public/image/institute/logo_1614502973Logo.png?h=40&w=40&mode=stretch
Manish Academy ,Hyderabad,https://images.collegedunia.com/public/image/institute/logo_1614525739M1.png?h=40&w=40&mode=stretch
Supnits Classes ,Kolkata,https://images.collegedunia.com/public/image/institute/logo_1614527037s1.PNG?h=40&w=40&mode=stretch
Editworks School of Mass Communication ,Noida,https://images.collegedunia.com/public/image/institute/logo_1614530003e1.png?h=40&w=40&mode=stretch
DettifossIT ,Hyderabad,https://images.collegedunia.com/public/image/institute/logo_1614532800LOGO.jpg?h=40&w=40&mode=stretch
SSLABS ,Hyderabad,https://images.collegedunia.com/public/image/institute/logo_1614537161LOGO.png?h=40&w=40&mode=stretch
Croyez Immigration ,Chennai,https://images.collegedunia.com/public/image/institute/logo_1614609979Logo.jpg?h=40&w=40&mode=stretch
Career Key Visa Consultant Pvt. Ltd. ,New Delhi,https://images.collegedunia.com/public/image/institute/logo_1614670508download.png?h=40&w=40&mode=stretch
Dr P S Rao (IELTS),Hyderabad,https://images.collegedunia.com/public/image/institute/logo_1614674804download (2).jpg?h=40&w=40&mode=stretch
ELTIS ,Pune,https://images.collegedunia.com/public/image/institute/logo_1614679602logo1.png?h=40&w=40&mode=stretch
GlobEDwise ,New Delhi,https://images.collegedunia.com/public/image/institute/logo_1615573361Globedwise-Logo.png?h=40&w=40&mode=stretch
N. R. Classes ,Pune,https://images.collegedunia.com/public/image/institute/logo_1614759737LOGO.JPG?h=40&w=40&mode=stretch
The Outreach ,Kolkata,https://images.collegedunia.com/public/image/institute/logo_1614759810LOGO.jpg?h=40&w=40&mode=stretch
Visa Lounge ,Mumbai,https://images.collegedunia.com/public/image/institute/logo_1614766879LOGO.png?h=40&w=40&mode=stretch
Zenith Educational Services ,Kolkata,https://images.collegedunia.com/public/image/institute/logo_1614768241LOGO.png?h=40&w=40&mode=stretch
Pixelloid Studios ,Hyderabad,https://images.collegedunia.com/public/image/institute/logo_161478786659713434_10157141171859520_8666587964253405184_o.jpg?h=40&w=40&mode=stretch
CHEMISTRY FOR YOU ,New Delhi,https://images.collegedunia.com/public/image/institute/logo_1614842266logo.png?h=40&w=40&mode=stretch
Shorthand Tutorial ,New Delhi,https://images.collegedunia.com/public/image/institute/logo_1614860743LOGO.jpg?h=40&w=40&mode=stretch
PREPRight CA CPT Coaching Classes ,Kolkata,"https://images.collegedunia.com/public/image/institute/logo_1614863638CA CPT, CS, CMA, IPCC, B.Com Coaching Classes in Kolkata - Prepright.in LOGO.png?h=40&w=40&mode=stretch"
VIDYA VRUKSHA ,Noida,https://images.collegedunia.com/public/image/institute/logo_1614869445LOGO.JPG?h=40&w=40&mode=stretch
Excel Academy (Study Abroad),Mumbai,https://images.collegedunia.com/public/image/institute/logo_1614880534LOGO (3).jpg?h=40&w=40&mode=stretch
AFEIAS ,Bhopal,https://images.collegedunia.com/public/image/institute/logo_1614920854LOGO.jpg?h=40&w=40&mode=stretch
Kaashiv Infotech ,Chennai,https://images.collegedunia.com/public/image/institute/logo_1614924802Logo (17).PNG?h=40&w=40&mode=stretch
Net Solution Classes ,Jaipur,https://images.collegedunia.com/public/image/institute/logo_1614927525logo.png?h=40&w=40&mode=stretch
Nitya Classes ,Hapur,https://images.collegedunia.com/public/image/institute/logo_1614928205logo.jpg?h=40&w=40&mode=stretch
EduNirvana ,Bhopal,https://images.collegedunia.com/public/image/institute/logo_1614937005LOGO.png?h=40&w=40&mode=stretch
Sanjay Web Designer ,New Delhi,https://images.collegedunia.com/public/image/institute/logo_1614955610Logo (21).PNG?h=40&w=40&mode=stretch
WebAppMate ,New Delhi,https://images.collegedunia.com/public/image/institute/logo_1614962128Logo (11).jpg?h=40&w=40&mode=stretch
Anmol Classes ,Mumbai,https://images.collegedunia.com/public/image/institute/logo_1614997178logo.jpg?h=40&w=40&mode=stretch
Amity Global Business School ,Noida,https://images.collegedunia.com/public/image/institute/logo_1615002880amity_logo.jpg?h=40&w=40&mode=stretch
Kajaria Classes ,Mumbai,https://images.collegedunia.com/public/image/institute/logo_1615003672kaj_logo.png?h=40&w=40&mode=stretch
Kumar Home Tutors ,New Delhi,https://images.collegedunia.com/public/image/institute/logo_1615009445kumar_logo.JPG?h=40&w=40&mode=stretch
SAS Academy ,Mumbai,https://images.collegedunia.com/public/image/institute/logo_1615016210LOGO (8).png?h=40&w=40&mode=stretch
Collegepond (GMAT),Mumbai,https://images.collegedunia.com/public/image/institute/logo_1615041170LOGO (4).jpg?h=40&w=40&mode=stretch
International Academy of Languages (Study Abroad),Mumbai,https://images.collegedunia.com/public/image/institute/logo_1615042683LOGO (20).png?h=40&w=40&mode=stretch
Skylark Education System ,New Delhi,https://images.collegedunia.com/public/image/institute/logo_1615048826LOGO (13).png?h=40&w=40&mode=stretch
Excellent Commerce Point ,New Delhi,https://images.collegedunia.com/public/image/institute/logo_1615090775Screenshot 2021-03-07 093722.png?h=40&w=40&mode=stretch
Cloud4Green Technologies ,Bangalore,https://images.collegedunia.com/public/image/institute/logo_1615121699logo.png?h=40&w=40&mode=stretch
Shatrujeet Academy ,Thane,https://images.collegedunia.com/public/image/institute/logo_1615132123logo.jpg?h=40&w=40&mode=stretch
Mindmajix Technologies INC ,Bangalore,https://images.collegedunia.com/public/image/institute/logo_1615203825Mindmajix Technologies INC LOGO.png?h=40&w=40&mode=stretch
Catalyze Center For Learning ,Chennai,https://images.collegedunia.com/public/image/institute/logo_1615214138.logo2.jpg?h=40&w=40&mode=stretch
Correspondence Education ,Bangalore,https://images.collegedunia.com/public/image/institute/logo_1615216923logo (1).png?h=40&w=40&mode=stretch
Everest Coaching point ,Hyderabad,https://images.collegedunia.com/public/image/institute/logo_161528411017990905_1498763700194624_7061022451917742139_n.jpg?h=40&w=40&mode=stretch
Wakankar Group Tuitions ,Thane,https://images.collegedunia.com/public/image/institute/logo_1615299555LOGO.jpg?h=40&w=40&mode=stretch
Paramount Institute (IELTS),Bhopal,https://images.collegedunia.com/public/image/institute/logo_1615307621LOGO (34).png?h=40&w=40&mode=stretch
"ICS Coaching Center, Palwal ",Palwal,https://images.collegedunia.com/public/image/institute/logo_1615347460logo (25).png?h=40&w=40&mode=stretch
Advantech Computer Education ,Mumbai,https://images.collegedunia.com/public/image/institute/logo_1615354762Advantech Logo.png?h=40&w=40&mode=stretch
JNPT Training Centre ,Mumbai,https://images.collegedunia.com/public/image/institute/logo_1615375467JNPT Logo.jpg?h=40&w=40&mode=stretch
Team.i ,Bangalore,https://images.collegedunia.com/public/image/institute/logo_161538678226001024_1754993937857867_7293239622306595618_n.png?h=40&w=40&mode=stretch
ACE Institute ,New Delhi,https://images.collegedunia.com/public/image/institute/logo_1615388630ACE Institute for Education _ Languages LOGO.png?h=40&w=40&mode=stretch
Vali Rameshwars IAS academy ,Hyderabad,https://images.collegedunia.com/public/image/institute/logo_1615396265logo.png?h=40&w=40&mode=stretch
Param Computer Education ,Kalyan,https://images.collegedunia.com/public/image/institute/logo_1615449585Param Logo.jpg?h=40&w=40&mode=stretch
Chem Academy (Electronics and Communication Engineering),New Delhi,https://images.collegedunia.com/public/image/institute/logo_1615448441LOGO (38).png?h=40&w=40&mode=stretch
Softpro Institute ,Mumbai,https://images.collegedunia.com/public/image/institute/logo_1615462723Softpro Logo.jpg?h=40&w=40&mode=stretch
RTG Animate - Animation Academy ,Kolkata,https://images.collegedunia.com/public/image/institute/logo_1615464071Logo. Jpg.gif?h=40&w=40&mode=stretch
Central Poultry Training Institute ,Bangalore,https://images.collegedunia.com/public/image/institute/logo_1615464091Central Poultry Training Institute LOGO.jpg?h=40&w=40&mode=stretch
EarvinTech ,Bangalore,https://images.collegedunia.com/public/image/institute/logo_1615538739EA_LOGO.JPG?h=40&w=40&mode=stretch
Cozmo Software Training Institute ,Bangalore,https://images.collegedunia.com/public/image/institute/logo_1615547327Cozmo Software Training Institute LOGO.jpg?h=40&w=40&mode=stretch
JSpiders Bhopal ,Bhopal,https://images.collegedunia.com/public/image/institute/logo_1615551881J_LOGO.JPG?h=40&w=40&mode=stretch
Major Auditing and Accounting ,Hyderabad,https://images.collegedunia.com/public/image/institute/logo_1615563884Logo.png?h=40&w=40&mode=stretch
High Score Home Tuition ,Jaipur,https://images.collegedunia.com/public/image/institute/logo_1615574141high_logo.JPG?h=40&w=40&mode=stretch
JK Webcom ,New Delhi,https://images.collegedunia.com/public/image/institute/logo_1615575931jk_logo.JPG?h=40&w=40&mode=stretch
Skill Techno ,Chennai,https://images.collegedunia.com/public/image/institute/logo_1615625150Skill Techno logo.jpg?h=40&w=40&mode=stretch
D23 Design Lounge ,Mumbai,https://images.collegedunia.com/public/image/institute/logo_1615625395images (2).png?h=40&w=40&mode=stretch
Speak Now Language Institute and Training Institute ,Chennai,https://images.collegedunia.com/public/image/institute/logo_1615788267Logo.JPG?h=40&w=40&mode=stretch
3i Education ,Ghaziabad,https://images.collegedunia.com/public/image/institute/logo_1615651497LOGO.png?h=40&w=40&mode=stretch
NITIN TUITION CENTER ,New Delhi,https://images.collegedunia.com/public/image/institute/logo_1615653287LOGO (23).png?h=40&w=40&mode=stretch
Knowledgewoods-Knowlett Learning ,Noida,https://images.collegedunia.com/public/image/institute/logo_1615693041knowledgewood_logo.JPG?h=40&w=40&mode=stretch
Personal Touch Academy (IIT JEE Maths) ,Mumbai,https://images.collegedunia.com/public/image/institute/logo_1615699618Personal Touch Academy (IIT JEE Maths)_LOGO.JPG?h=40&w=40&mode=stretch
BGIC INSTITUTE ,New Delhi,https://images.collegedunia.com/public/image/institute/logo_1615717773LOGO.jpg?h=40&w=40&mode=stretch
Santosh Academy ,Mumbai,https://images.collegedunia.com/public/image/institute/logo_1615771876santosh_logo.JPG?h=40&w=40&mode=stretch
Bay20.Education ,Noida,https://images.collegedunia.com/public/image/institute/logo_1615784913Bay20 logo.png?h=40&w=40&mode=stretch
Education On Cloud ,Bangalore,https://images.collegedunia.com/public/image/institute/logo_1615780210eoc_logo.JPG?h=40&w=40&mode=stretch
Excel Education Institute ,Bangalore,https://images.collegedunia.com/public/image/institute/logo_1615781836excel_logo.JPG?h=40&w=40&mode=stretch
GCS Institute Of Computer Technologies ,Hyderabad,https://images.collegedunia.com/public/image/institute/logo_1615783881gsc_logo.JPG?h=40&w=40&mode=stretch
Rajan Home Classes Private Limited ,New Delhi,https://images.collegedunia.com/public/image/institute/logo_1615794579LOGO.png?h=40&w=40&mode=stretch
OpCord Consultancy Services ,Bangalore,https://images.collegedunia.com/public/image/institute/logo_1615796878logo.JPG?h=40&w=40&mode=stretch
Orient Spectra Consulting Pvt Ltd ,Hyderabad,https://images.collegedunia.com/public/image/institute/logo_1615810304Orient Spectra - logo.png?h=40&w=40&mode=stretch
Apex Medcom & Training Institute ,Bangalore,https://images.collegedunia.com/public/image/institute/logo_161581980715726581_1317478038275092_8674265448174625137_n.png?h=40&w=40&mode=stretch
Brannia - Integrated Marketing Agency ,Noida,https://images.collegedunia.com/public/image/institute/logo_16158224201653682_765332370205581_8559632683238258869_n.jpg?h=40&w=40&mode=stretch
College of Internet Marketing ,New Delhi,https://images.collegedunia.com/public/image/institute/logo_161582480870638228_383907205593182_6130212778700439552_n.png?h=40&w=40&mode=stretch
Digital Marketing Training Expert ,New Delhi,https://images.collegedunia.com/public/image/institute/logo_161582818550632878_297725237551005_4615193404685418496_n.png?h=40&w=40&mode=stretch
Valmiki Group ,Secunderabad,https://images.collegedunia.com/public/image/institute/logo_1615863144vgrp-logo.png?h=40&w=40&mode=stretch
Infimind Institute of Skill Development Pvt. Ltd. ,Bangalore,https://images.collegedunia.com/public/image/institute/logo_161589458117240682_1750596055165352_5820239594866108328_o.png?h=40&w=40&mode=stretch
Java Home Cloud Technologies ,Bangalore,https://images.collegedunia.com/public/image/institute/logo_1615969301java home_logo (1).JPG?h=40&w=40&mode=stretch
The Benchmates ,Bangalore,https://images.collegedunia.com/public/image/institute/logo_1615987097The Benchmates LOGO.png?h=40&w=40&mode=stretch
Presto Solutions ,Indore,https://images.collegedunia.com/public/image/institute/logo_1616040029logo (1).JPG?h=40&w=40&mode=stretch
Nebula Personalization Tech Solution Pvt ltd ,Mumbai,https://images.collegedunia.com/public/image/institute/logo_1616063239logo.png?h=40&w=40&mode=stretch
Tickoo Institute of Emerging Technologies ,Gurgaon,https://images.collegedunia.com/public/image/institute/logo_1616123131logo.png?h=40&w=40&mode=stretch
VR Education Consultancy ,Hyderabad,https://images.collegedunia.com/public/image/institute/logo_1616128850LOGO.png?h=40&w=40&mode=stretch
Atlas Consultants ,Hyderabad,https://images.collegedunia.com/public/image/institute/logo_1616129977LOGO (1).png?h=40&w=40&mode=stretch
ImageGrafix Engineering Services Pvt Ltd ,Chennai,https://images.collegedunia.com/public/image/institute/logo_1616155440LOGO (23).jpg?h=40&w=40&mode=stretch
Anuvaa ,Mumbai,https://images.collegedunia.com/public/image/institute/logo_1616163177AnyConv.com__coverpage (7).jpg?h=40&w=40&mode=stretch
Digible - Digital Marketing Courses ,Thane,https://images.collegedunia.com/public/image/institute/logo_1616212000logo (39).png?h=40&w=40&mode=stretch
Optron Academy Mumbai ,Mumbai,https://images.collegedunia.com/public/image/institute/logo_1616218603AnyConv.com__coverpage (9).jpg?h=40&w=40&mode=stretch
Primo Institute of Design ,Hyderabad,https://images.collegedunia.com/public/image/institute/logo_1616235881Primo Logo.jpg?h=40&w=40&mode=stretch
Hebbar's Academy ,Bangalore,https://images.collegedunia.com/public/image/institute/logo_1616307543LOGO.PNG?h=40&w=40&mode=stretch
VAISHNAVI GATE ACADEMY ,Hyderabad,https://images.collegedunia.com/public/image/institute/logo_1616404063vaishnavi  logo.jpg?h=40&w=40&mode=stretch
EXAM DOST ,Pune,https://images.collegedunia.com/public/image/institute/logo_1616431849Logo.jpeg?h=40&w=40&mode=stretch
Nihongo Language Institute ,Bangalore,https://images.collegedunia.com/public/image/institute/logo_1635076283logo.jpg?h=40&w=40&mode=stretch
Dr. B. R. Ambedkar School of Economics ,Bangalore,https://images.collegedunia.com/public/image/institute/logo_1616583087LOGO.PNG?h=40&w=40&mode=stretch
Manish Academy Premium Coaching Institute ,Hyderabad,https://images.collegedunia.com/public/image/institute/logo_1616651329LOGO.png?h=40&w=40&mode=stretch
AROBOT ,Chennai,https://images.collegedunia.com/public/image/institute/logo_1616668706Logo (18).jpg?h=40&w=40&mode=stretch
Spectrum Study Circle ,Hyderabad,https://images.collegedunia.com/public/image/institute/logo_1616673499logo.jpg?h=40&w=40&mode=stretch
BHARATH COACHING CENTRE ,Tiruchirappalli,https://images.collegedunia.com/public/image/institute/logo_1616678914bharath-coaching-centre Logo.png?h=40&w=40&mode=stretch
Forsk Coding School ,Jaipur,https://images.collegedunia.com/public/image/institute/logo_1616744806logo.png?h=40&w=40&mode=stretch
XCEL Global Services ,Hyderabad,https://images.collegedunia.com/public/image/institute/logo_1616753942zt.pdf?h=40&w=40&mode=stretch
Eazy Maths Tuition Centre ,Chennai,https://images.collegedunia.com/public/image/institute/logo_1616756094Eazy Maths Tuition Centre LOGO.png?h=40&w=40&mode=stretch
V6 Appsys Infotech Pvt Ltd ,Bangalore,https://images.collegedunia.com/public/image/institute/logo_1616818689logo.jpg?h=40&w=40&mode=stretch
SACDAP ,Gurgaon,https://images.collegedunia.com/public/image/institute/logo_1616824872LOGO (25).jpg?h=40&w=40&mode=stretch
CRAFT Film School ,New Delhi,https://images.collegedunia.com/public/image/institute/logo_1616825150logo (1).jpg?h=40&w=40&mode=stretch
Kernel Masters ,Hyderabad,https://images.collegedunia.com/public/image/institute/logo_1616896088AnyConv.com__logo (9).jpg?h=40&w=40&mode=stretch
FRENCH INSTITUTE OF FOREIGN LANGUAGES ,Bangalore,https://images.collegedunia.com/public/image/institute/logo_1616949284logo.JPG?h=40&w=40&mode=stretch
Academy of Scientific and Innovative Research ,Chennai,https://images.collegedunia.com/public/image/institute/logo_1617001996Ac_logo.JPG?h=40&w=40&mode=stretch
The IAS Hub ,New Delhi,https://images.collegedunia.com/public/image/institute/logo_1617082981logo.png?h=40&w=40&mode=stretch
Teachwell Institute (Banking),New Delhi,https://images.collegedunia.com/public/image/institute/logo_1617121796logo (1).png?h=40&w=40&mode=stretch
KVR Institute ,Chennai,https://images.collegedunia.com/public/image/institute/logo_1617188362LOGO.png?h=40&w=40&mode=stretch
Kendrika Academy ,Lucknow,https://images.collegedunia.com/public/image/institute/logo_1617195295logo.png?h=40&w=40&mode=stretch
Software Training Classes Institute ,New Delhi,https://images.collegedunia.com/public/image/institute/logo_1617255131c_logo.jpg?h=40&w=40&mode=stretch
The Destination Academy (SSC),Mumbai,https://images.collegedunia.com/public/image/institute/logo_1617256063logo (8).jpg?h=40&w=40&mode=stretch
Speakeng India ,Bangalore,https://images.collegedunia.com/public/image/institute/logo_1617258111logo (8).png?h=40&w=40&mode=stretch
Law Guru Coaching Institute (CLAT),Pune,https://images.collegedunia.com/public/image/institute/logo_1617281894logo.jpg?h=40&w=40&mode=stretch
Prog360 ,Bangalore,https://images.collegedunia.com/public/image/institute/logo_1617366435Prog360 LOGO.png?h=40&w=40&mode=stretch
AKSHARA SPOKEN ENGLISH ,Bangalore,https://images.collegedunia.com/public/image/institute/logo_1617451024AKSHARA SPOKEN ENGLISH (Institute of Spoken English _ Personality Development) LOGO.jpg?h=40&w=40&mode=stretch
Siddhartha Logic ,Mumbai,https://images.collegedunia.com/public/image/institute/logo_1617464856logo.png?h=40&w=40&mode=stretch
Voice Modulation Training ,Mumbai,https://images.collegedunia.com/public/image/institute/logo_1617469358LOGO.JPG?h=40&w=40&mode=stretch
Abayam Translation Service ,Chennai,https://images.collegedunia.com/public/image/institute/logo_1617547081Copy of 551098_407990185926477_1056949861_n.jpg?h=40&w=40&mode=stretch
English Labs ,Chennai,https://images.collegedunia.com/public/image/institute/logo_1617589193Logo.jpg?h=40&w=40&mode=stretch
Ships Academy ,Hyderabad,https://images.collegedunia.com/public/image/institute/logo_1617598599Logo.jpg?h=40&w=40&mode=stretch
Sri Guru Sarva CA Coaching ,Tiruppur,https://images.collegedunia.com/public/image/institute/logo_1617624065Sri GuruSarva CA coaching LOGO.png?h=40&w=40&mode=stretch
Foxmula - The Smart Way ,Bangalore,https://images.collegedunia.com/public/image/institute/logo_1617630753LOGO (18).png?h=40&w=40&mode=stretch
Payilagam ,Chennai,https://images.collegedunia.com/public/image/institute/logo_1617632622LOGO (19).png?h=40&w=40&mode=stretch
Forscher Education ,Chennai,https://images.collegedunia.com/public/image/institute/logo_1617907433forscher-education-Logo.jpg?h=40&w=40&mode=stretch
Global Career Academy ,Bangalore,https://images.collegedunia.com/public/image/institute/logo_1617907465Global Career Academy Logo.png?h=40&w=40&mode=stretch
Tally Academy ,Kolkata,https://images.collegedunia.com/public/image/institute/logo_1617951715Telly academy Logo.png?h=40&w=40&mode=stretch
Webel Computer Training Centre ,Kolkata,https://images.collegedunia.com/public/image/institute/logo_1617951600WBEL Logo.png?h=40&w=40&mode=stretch
ApexTutor ,Gurgaon,https://images.collegedunia.com/public/image/institute/logo_1617723387Apex-tutors-logo.png?h=40&w=40&mode=stretch
victor Immigration (Visa consultants),New Delhi,https://images.collegedunia.com/public/image/institute/logo_1617724323LOGO (22).jpg?h=40&w=40&mode=stretch
A. A. Shah's IAS Institute ,Mumbai,https://images.collegedunia.com/public/image/institute/logo_1617772986logo.jpg?h=40&w=40&mode=stretch
SEO Tutor ,New Delhi,https://images.collegedunia.com/public/image/institute/logo_1617790259SEO Tutor LOGO.png?h=40&w=40&mode=stretch
Institute of Languages ,Mumbai,https://images.collegedunia.com/public/image/institute/logo_1617802429Institute of Languages.png?h=40&w=40&mode=stretch
TILL Foreign and English Speaking Classes ,Navi Mumbai,https://images.collegedunia.com/public/image/institute/logo_1617805779TILL Foreign and English Speaking Classes 3.png?h=40&w=40&mode=stretch
Nihongo Center Nasukawa - Japanese Language Institute ,New Delhi,https://images.collegedunia.com/public/image/institute/logo_1617865377LOGO (3).jpg?h=40&w=40&mode=stretch
Bajaj Classes ,Bhopal,https://images.collegedunia.com/public/image/institute/logo_1617891076Bajaj Classes Logo.png?h=40&w=40&mode=stretch
Trisha Classes ,Udupi,https://images.collegedunia.com/public/image/institute/logo_1617978581LOGO.jpg?h=40&w=40&mode=stretch
Pesoeduspace (Language Training),Bangalore,https://images.collegedunia.com/public/image/institute/logo_161807427224129985_248140742382500_4784032346664195986_n.jpg?h=40&w=40&mode=stretch
Besant Technologies ,Chennai,https://images.collegedunia.com/public/image/institute/logo_1621691612Logo 2.png?h=40&w=40&mode=stretch
Ramakrishna Math ,Bangalore,https://images.collegedunia.com/public/image/institute/logo_1618080579download.jpg?h=40&w=40&mode=stretch
The IAS Hub ,New Delhi,https://images.collegedunia.com/public/image/institute/logo_1618123746logo.png?h=40&w=40&mode=stretch
JIT Academy Chennai ,Chennai,https://images.collegedunia.com/public/image/institute/logo_1618125133logo (6).jpg?h=40&w=40&mode=stretch
Vice Academy (Banking),Kolkata,https://images.collegedunia.com/public/image/institute/logo_1618135735Screenshot 2021-03-28 162754.png?h=40&w=40&mode=stretch
Payilagam ,Chennai,https://images.collegedunia.com/public/image/institute/logo_1618363887cam_logo_new.png?h=40&w=40&mode=stretch
Global Edge (Education consultants),New Delhi,https://images.collegedunia.com/public/image/institute/logo_1626780297Logo.jpg?h=40&w=40&mode=stretch
Periscope Overseas Educational Consultants ,Hyderabad,https://images.collegedunia.com/public/image/institute/logo_161840376516807611_1124046111038401_3854969061330832910_n.jpg?h=40&w=40&mode=stretch
EDIFY GERMAN LANGUAGE ACADEMY ,Bangalore,https://images.collegedunia.com/public/image/institute/logo_1618581979logo.jpg?h=40&w=40&mode=stretch
RIT ACADEMY ,Chennai,https://images.collegedunia.com/public/image/institute/logo_1618489138RIT ACADEMY LOGO.jpg?h=40&w=40&mode=stretch
Global Vision Overseas ,Hyderabad,https://images.collegedunia.com/public/image/institute/logo_1618491341LOGO.png?h=40&w=40&mode=stretch
XCEL Global Services ,Hyderabad,https://images.collegedunia.com/public/image/institute/logo_1618609144LOGO.jpg?h=40&w=40&mode=stretch
Vibrant e Technologies Pvt Ltd ,Mumbai,https://images.collegedunia.com/public/image/institute/logo_1618499189vibrant e tech logo.png?h=40&w=40&mode=stretch
jmdtutor ,New Delhi,https://images.collegedunia.com/public/image/institute/logo_1618648296logo.png?h=40&w=40&mode=stretch
Atmiya Classes ,Mumbai,https://images.collegedunia.com/public/image/institute/logo_1618675289LOGO.JPG?h=40&w=40&mode=stretch
Ships Academy ,Hyderabad,https://images.collegedunia.com/public/image/institute/logo_1618739800Logo.jpg?h=40&w=40&mode=stretch
Bitjee Garia (NEET),Kolkata,https://images.collegedunia.com/public/image/institute/logo_1618743779logo.JPG?h=40&w=40&mode=stretch
Networxx ,Mumbai,https://images.collegedunia.com/public/image/institute/logo_1618749412logo.JPG?h=40&w=40&mode=stretch
MAAC Malleswaram ,Bangalore,https://images.collegedunia.com/public/image/institute/logo_1634136932Logo.jpg?h=40&w=40&mode=stretch
DigitalKal Training Institute ,Faridabad,https://images.collegedunia.com/public/image/institute/logo_1618770384Logo.png?h=40&w=40&mode=stretch
My Speaking School ,Thane,https://images.collegedunia.com/public/image/institute/logo_1618781798logo.JPG?h=40&w=40&mode=stretch
Delhi School of Digital Marketing ,New Delhi,https://images.collegedunia.com/public/image/institute/logo_1618790736LOGO.JPG?h=40&w=40&mode=stretch
EZE Academy ,Hyderabad,https://images.collegedunia.com/public/image/institute/logo_1619019987logo.jpg?h=40&w=40&mode=stretch
Arena Animation ,Bangalore,"https://images.collegedunia.com/public/image/institute/logo_1630658635Arena Animation, Whitefield.jpg?h=40&w=40&mode=stretch"
MAAC Animation ,Navi Mumbai,https://images.collegedunia.com/public/image/institute/logo_1619256562logo.png?h=40&w=40&mode=stretch
YES Germany ,Faridabad,https://images.collegedunia.com/public/image/institute/logo_1619263139logo.png?h=40&w=40&mode=stretch
AE Consultant - Overseas Education Consultancy in Hyderabad (Study Abroad),Hyderabad,https://images.collegedunia.com/public/image/institute/logo_1619114722LOGO (11).JPG?h=40&w=40&mode=stretch
Neptune Educational Consultants Pvt. Ltd. (Study Abroad),Hyderabad,https://images.collegedunia.com/public/image/institute/logo_1619157390LOGO (5).png?h=40&w=40&mode=stretch
Aspirations Abroad ,Hyderabad,https://images.collegedunia.com/public/image/institute/logo_1619162891Logo.png?h=40&w=40&mode=stretch
Sunshine Softwares ,Jaipur,https://images.collegedunia.com/public/image/institute/logo_1619181597Logo.gif?h=40&w=40&mode=stretch
SEO PPC Training Center (PPC),New Delhi,https://images.collegedunia.com/public/image/institute/logo_1619351943LOGO.JPG?h=40&w=40&mode=stretch
Pace Tutorials Malleshwaram (SocialMediaMarketing(SMM)),Bangalore,https://images.collegedunia.com/public/image/institute/logo_1619395820logo.JPG?h=40&w=40&mode=stretch
Paras Education Services (Study Abroad),Mumbai,https://images.collegedunia.com/public/image/institute/logo_1619398827logo.JPG?h=40&w=40&mode=stretch
Overseas Educational Services ,Bangalore,https://images.collegedunia.com/public/image/institute/logo_1619598893LOGO.JPG?h=40&w=40&mode=stretch
VisaWalk Consultancy Pvt. Ltd. ,New Delhi,https://images.collegedunia.com/public/image/institute/logo_1619636733logo.JPG?h=40&w=40&mode=stretch
Seger Overseas ,Bangalore,https://images.collegedunia.com/public/image/institute/logo_1619778946unnamed (1).jpg?h=40&w=40&mode=stretch
Locus Career Academy ,Pune,https://images.collegedunia.com/public/image/institute/logo_1619884216Logo.jpeg?h=40&w=40&mode=stretch
WebMatriks ,Faridabad,https://images.collegedunia.com/public/image/institute/logo_1619927581logo.PNG?h=40&w=40&mode=stretch
EZE ACADEMY ,Hyderabad,https://images.collegedunia.com/public/image/institute/logo_1619966422logo (1).jpg?h=40&w=40&mode=stretch
Vision Defence Training Centre ,Chennai,https://images.collegedunia.com/public/image/institute/logo_1619975470logo (1).jpg?h=40&w=40&mode=stretch
Php Development Company in India ,New Delhi,https://images.collegedunia.com/public/image/institute/logo_1620129364Chahar technologies COVER.jpg?h=40&w=40&mode=stretch
IIT Buds ,Chennai,https://images.collegedunia.com/public/image/institute/logo_1620226557logo iit buds.jpg?h=40&w=40&mode=stretch
Indian Institute of Fashion & Design ,,https://images.collegedunia.com/public/image/institute/logo_1620302197LOGO.jpg?h=40&w=40&mode=stretch
Growth Centre India Pvt Ltd. ,Mumbai,https://images.collegedunia.com/public/image/institute/logo_1620312206GC-Logo.png?h=40&w=40&mode=stretch
Jitin Chawla's Centre for Career Development ,New Delhi,https://images.collegedunia.com/public/image/institute/logo_1620327810LOGO.jpg?h=40&w=40&mode=stretch
Universal Adviser Migration Services Pvt. Ltd. ,New Delhi,https://images.collegedunia.com/public/image/institute/logo_1620327847logo.png?h=40&w=40&mode=stretch
whiteDigital ,Nagercoil,https://images.collegedunia.com/public/image/institute/logo_1620365289LOGO.JPG?h=40&w=40&mode=stretch
Data Science Monks ,Bangalore,https://images.collegedunia.com/public/image/institute/logo_1620379701Logo (56).png?h=40&w=40&mode=stretch
Krishna seo digital marketing expert ,Bangalore,https://images.collegedunia.com/public/image/institute/logo_1620401779logo.jpg?h=40&w=40&mode=stretch
PERFECT TUTORIALS CA & COMMERCE PVT TUTIONS ,Navi Mumbai,https://images.collegedunia.com/public/image/institute/logo_1620408680LOGO.JPG?h=40&w=40&mode=stretch
Second Campus Angular JS Training & MEAN Stack Training Institute In Hyderabad ,Hyderabad,https://images.collegedunia.com/public/image/institute/logo_1620410730Logo (64).png?h=40&w=40&mode=stretch
MAAC Academy ,Faridabad,https://images.collegedunia.com/public/image/institute/logo_1625311857maacfar.PNG?h=40&w=40&mode=stretch
Seed Academy Of Foreign Education (SAFE) - Borivali ,Mumbai,https://images.collegedunia.com/public/image/institute/logo_1620411611Logo (65).PNG?h=40&w=40&mode=stretch
zeetron networks ,Jaipur,https://images.collegedunia.com/public/image/institute/logo_162046882972681631_1198904076977105_3961843860086194176_n.jpg?h=40&w=40&mode=stretch
The CONCEPTREE ,Chengam,https://images.collegedunia.com/public/image/institute/logo_1620476090Logo (45).jpg?h=40&w=40&mode=stretch
Charms Education & Immigration Services ,New Delhi,https://images.collegedunia.com/public/image/institute/logo_1620478228logo.JPG?h=40&w=40&mode=stretch
COETL SQL Traning ,Hyderabad,https://images.collegedunia.com/public/image/institute/logo_1620485007logo.JPG?h=40&w=40&mode=stretch
Brilliance IT Techno ,Jaipur,https://images.collegedunia.com/public/image/institute/logo_1620499610LOGO.jpg?h=40&w=40&mode=stretch
Spectrum Learning Centre ,Maddur,https://images.collegedunia.com/public/image/institute/logo_1620501643Logo (49).jpg?h=40&w=40&mode=stretch
CADD MENTORS ,Bangalore,https://images.collegedunia.com/public/image/institute/logo_1620558074CADD MENTORS Logo 1.jpg?h=40&w=40&mode=stretch
Rapidex Global Education Consultants ,New Delhi,https://images.collegedunia.com/public/image/institute/logo_1620559645rapidex Logo.png?h=40&w=40&mode=stretch
VISA9 EDUCATIONAL CONSULTING SERVICES ,Hyderabad,https://images.collegedunia.com/public/image/institute/logo_1620563473Visa9 Logo.png?h=40&w=40&mode=stretch
Macro Training Services ,Bangalore,https://images.collegedunia.com/public/image/institute/logo_1620624935Logo.PNG?h=40&w=40&mode=stretch
Work Permit Visas ,Hyderabad,https://images.collegedunia.com/public/image/institute/logo_1620626646WPV Logo.png?h=40&w=40&mode=stretch
Virtuous Trustworthy Tutoring Service ,New Delhi,https://images.collegedunia.com/public/image/institute/logo_1620664687LOGO.jpg?h=40&w=40&mode=stretch
ReLearn Pro ,Chennai,https://images.collegedunia.com/public/image/institute/logo_1620668747LOGO.jpg?h=40&w=40&mode=stretch
AS Chakravarthy NCFM Academy ,Hyderabad,https://images.collegedunia.com/public/image/institute/logo_1620671088aschakravarthy-ncfm-academy-hyderabad-logo.png?h=40&w=40&mode=stretch
SKM Classes ,New Delhi,https://images.collegedunia.com/public/image/institute/logo_1620732135images (1).png?h=40&w=40&mode=stretch
Aspiring Life Consultants Pvt. Ltd. ,Kolkata,https://images.collegedunia.com/public/image/institute/logo_1620736296Logo.png?h=40&w=40&mode=stretch
Home Shiksha ,Hyderabad,https://images.collegedunia.com/public/image/institute/logo_1620753950Logo.png?h=40&w=40&mode=stretch
MAAC Janakpuri ,New Delhi,https://images.collegedunia.com/public/image/institute/logo_1628959973maacl.jpg?h=40&w=40&mode=stretch
MAAC Chembur ,Mumbai,https://images.collegedunia.com/public/image/institute/logo_1628961621maaclogo.PNG?h=40&w=40&mode=stretch
"SAP success factors, Bangalore ",Bangalore,https://images.collegedunia.com/public/image/institute/logo_1629539072Logo.png?h=40&w=40&mode=stretch
JSpiders ,Noida,https://images.collegedunia.com/public/image/institute/logo_1629664552JSpiderslogo.jpg?h=40&w=40&mode=stretch
"MAAC, Bangalore ",Bangalore,https://images.collegedunia.com/public/image/institute/logo_1629698397maaclogo.PNG?h=40&w=40&mode=stretch
Institute of Advance Network Technology IANT ,Vadodara,https://images.collegedunia.com/public/image/institute/logo_1633694006IANT Logo3.png?h=40&w=40&mode=stretch
Pioneer Academy (NEET),Chennai,https://images.collegedunia.com/public/image/institute/logo_1634830906Logo (2).png?h=40&w=40&mode=stretch
National Institute of Jewellery Technology - [NIJT] ,Meerut,https://images.collegedunia.com/public/image/institute/logo_1648889747logo2.png?h=40&w=40&mode=stretch
Sri Abhida ,Hyderabad,https://images.collegedunia.com/public/image/institute/logo_1657276656logo.png?h=40&w=40&mode=stretch
Excel Academics ,Bangalore,https://images.collegedunia.com/public/image/institute/logo_1657279000Logo.jpg?h=40&w=40&mode=stretch
Anipix Animation Academy ,Chennai,https://images.collegedunia.com/public/image/institute/logo_1656762806Animation-Training-Institute-in-Chennai-logo.png?h=40&w=40&mode=stretch
EaseMyTrip Academy ,Noida,https://images.collegedunia.com/public/image/institute/logo_1657606760Logo.jpg?h=40&w=40&mode=stretch
Endeavor Careers ,New Delhi,https://images.collegedunia.com/public/image/institute/logo_1661562794logo.png?h=40&w=40&mode=stretch
Galaxy Educational Services ,Bangalore,https://images.collegedunia.com/public/image/institute/logo_1663316180galaxy logo.jpg?h=40&w=40&mode=stretch
Tulsi Academy ,Ghaziabad,https://images.collegedunia.com/public/image/institute/logo_1663156632Logo1.png?h=40&w=40&mode=stretch
Frameboxx 2.0 ,New Delhi,https://images.collegedunia.com/public/image/institute/logo_16669578541.jpeg?h=40&w=40&mode=stretch
Conduira Education ,Mumbai,https://images.collegedunia.com/public/image/institute/logo_1667292999Conduira Education logo.jpg?h=40&w=40&mode=stretch
Jamboree Education ,Kolkata,https://images.collegedunia.com/public/image/institute/logo_1667381964Jamboree Education Logo.jpg?h=40&w=40&mode=stretch
Jamboree Education ,Bangalore,https://images.collegedunia.com/public/image/institute/logo_1668242135logo.jfif?h=40&w=40&mode=stretch
Jamboree Education (IELTS),Chennai,https://images.collegedunia.com/public/image/institute/logo_1668474336logo.jfif?h=40&w=40&mode=stretch
Texas Review ,Bangalore,https://images.collegedunia.com/public/image/institute/logo_1668489611Texas Review logo.png?h=40&w=40&mode=stretch
Indo Science Academy ,Bhubaneswar,https://images.collegedunia.com/public/image/institute/logo_1676034083logo1.png?h=40&w=40&mode=stretch
Cellsius ,Ajmer,https://images.collegedunia.com/public/image/institute/logo_1676467490Logo.png?h=40&w=40&mode=stretch
Potential and Concept Educations ,Guwahati,https://images.collegedunia.com/public/image/institute/logo_1676698505logo.jpg?h=40&w=40&mode=stretch
EVedant ,Ghaziabad,https://images.collegedunia.com/public/image/institute/logo_1676796565logo.jpg?h=40&w=40&mode=stretch
Nirmal Singh Chemistry ,Kannauj,https://images.collegedunia.com/public/image/institute/logo_1677063163logo.png?h=40&w=40&mode=stretch
Ranjan Singh Chemistry Classes ,Patna,https://images.collegedunia.com/public/image/institute/logo_1678702516Screenshot 2023-03-13 150719.png?h=40&w=40&mode=stretch
Royal Institute of Competition ,Udaipur,https://images.collegedunia.com/public/image/institute/logo_1678792174291526844_455121656616483_5765511964312848189_n.jpg?h=40&w=40&mode=stretch
MAA Academy ,Bangalore,https://images.collegedunia.com/public/image/institute/logo_1680151011MAA ACADEMY.jpg?h=40&w=40&mode=stretch
Tribac Blue ,Patna,https://images.collegedunia.com/public/image/institute/logo_1681448263tribac.png?h=40&w=40&mode=stretch
GeeksforGeeks ,Noida,https://images.collegedunia.com/public/image/institute/logo_1682310508gg1.png?h=40&w=40&mode=stretch
Udaan Competitive Classes ,Hamirpur,https://images.collegedunia.com/public/image/institute/logo_1683353357u logo.jpg?h=40&w=40&mode=stretch
Balaji Tutorials ,Indore,https://images.collegedunia.com/public/image/institute/logo_1683544618b1.jpg?h=40&w=40&mode=stretch
Arena Animation Bhopal ,Bhopal,https://images.collegedunia.com/public/image/institute/logo_1684902437arena.webp?h=40&w=40&mode=stretch
Pyramid Tutorial ,Nagpur,https://images.collegedunia.com/public/image/institute/logo_1685955897pl.png?h=40&w=40&mode=stretch
B2E Learning ,Jaipur,https://images.collegedunia.com/public/image/institute/logo_1686199425b c.png?h=40&w=40&mode=stretch
Ramanujan Academy ,Indore,https://images.collegedunia.com/public/image/institute/logo_1686224644s1.jpg?h=40&w=40&mode=stretch
Impulse Academy ,Muzaffarnagar,https://images.collegedunia.com/public/image/institute/logo_1686891886i1.jpg?h=40&w=40&mode=stretch
Kamyabvya Center ,Hapur,https://images.collegedunia.com/public/image/institute/logo_1686894408k1.jpg?h=40&w=40&mode=stretch
TIME Institute ,Dehradun,https://images.collegedunia.com/public/image/institute/logo_1687777498t1.png?h=40&w=40&mode=stretch
Emprise Academy ,Mathura,https://images.collegedunia.com/public/image/institute/logo_16879263942.jpg?h=40&w=40&mode=stretch
Chavan Chemistry Classes ,Aurangabad,https://images.collegedunia.com/public/image/institute/logo_16879492221.jpg?h=40&w=40&mode=stretch
KCI (Krishna Career Institute) classes ,Kota,https://images.collegedunia.com/public/image/institute/logo_1688640974WhatsApp Image 2023-07-06 at 16.23.38.jpeg?h=40&w=40&mode=stretch
"TIME Institute, Gujarat ",Ahmedabad,https://images.collegedunia.com/public/image/institute/logo_1688635161t1.png?h=40&w=40&mode=stretch
Yojna IAS ,New Delhi,https://images.collegedunia.com/public/image/institute/logo_16889710761.png?h=40&w=40&mode=stretch
Race IAS ,Lucknow,https://images.collegedunia.com/public/image/institute/logo_16889919453.jpg?h=40&w=40&mode=stretch
CATguru ,Hyderabad,https://images.collegedunia.com/public/image/institute/logo_1689325044aaa.png.crdownload?h=40&w=40&mode=stretch
Nalanda Institute ,Bangalore,https://images.collegedunia.com/public/image/institute/logo_1689402834ss.jpg?h=40&w=40&mode=stretch
Zetta Career Institute ,Chandigarh,https://images.collegedunia.com/public/image/institute/logo_16894076433.png?h=40&w=40&mode=stretch
The Guidance Academy ,New Delhi,https://images.collegedunia.com/public/image/institute/logo_1689856131AwOEWWW3vuArfFA480x360.jpeg?h=40&w=40&mode=stretch
IBT Institute ,Chennai,https://images.collegedunia.com/public/image/institute/logo_1690530166logo.svg?h=40&w=40&mode=stretch
Career Platform ,New Delhi,https://images.collegedunia.com/public/image/institute/logo_16907904572.jpg?h=40&w=40&mode=stretch
Law Prep Tutorials ,Muzaffarpur,https://images.collegedunia.com/public/image/institute/logo_16912131441.jpg?h=40&w=40&mode=stretch
CLATians ,Patna,https://images.collegedunia.com/public/image/institute/logo_1691398575brown-full-logo-300x200.png?h=40&w=40&mode=stretch
LEX MANGALAM LAW INSTITUTE ,Patna,https://images.collegedunia.com/public/image/institute/logo_16914042122023-03-01.jpg?h=40&w=40&mode=stretch
FSTC Ground School ,New Delhi,https://images.collegedunia.com/public/image/institute/logo_1693974567logo_1693914036ss.webp?h=40&w=40&mode=stretch
GrowthAcad ,Pune,https://images.collegedunia.com/public/image/institute/logo_169460002611.jpg?h=40&w=40&mode=stretch
Vikas Sawants Academy ,Kalyan,https://images.collegedunia.com/public/image/institute/logo_16957027711.jpg?h=40&w=40&mode=stretch
MAAC Vashi ,Navi Mumbai,https://images.collegedunia.com/public/image/institute/logo_16971766152.png?h=40&w=40&mode=stretch
Gyanaj ,Noida,https://images.collegedunia.com/public/image/institute/logo_169873424133.png?h=40&w=40&mode=stretch
Sinhal Classes ,Payagpur,https://images.collegedunia.com/public/image/institute/logo_1699338605111.jpg?h=40&w=40&mode=stretch
Avanti Learning Centre ,New Delhi,https://images.collegedunia.com/public/image/institute/logo_169951539511.png?h=40&w=40&mode=stretch
Keystone ,Ahmedabad,https://images.collegedunia.com/public/image/institute/logo_1701519035ddd.svg?h=40&w=40&mode=stretch
Achievers Academy Shivamogga ,,https://images.collegedunia.com/public/image/institute/logo_17027040203.jpg?h=40&w=40&mode=stretch
Caliber's Nova ,Nagpur,https://images.collegedunia.com/public/image/institute/logo_1702722027calibers logo.jpg?h=40&w=40&mode=stretch
Scholars Hub ,Chandigarh,https://images.collegedunia.com/public/image/institute/logo_1703053919scholar logo.jpg?h=40&w=40&mode=stretch
Creative Education Foundation ,Hassan,https://images.collegedunia.com/public/image/institute/logo_1703059676creative logo.jpg?h=40&w=40&mode=stretch
UK Versity ,Noida,https://images.collegedunia.com/public/image/institute/logo_1706860072Logo-ukversity.png?h=40&w=40&mode=stretch
Courses 4 U ,New Delhi,https://images.collegedunia.com/public/image/institute/logo_1707891092logoo.jpeg?h=40&w=40&mode=stretch
Erigo Holidays ,Bangalore,https://images.collegedunia.com/public/image/institute/logo_1620481830Logo.jpg?h=40&w=40&mode=stretch
AISSMS Private Industrial Training Institute ,Pune,https://images.collegedunia.com/public/image/institute/logo_1579341442ITI (1).jpg?h=40&w=40&mode=stretch
Jamboree Education ,New Delhi,https://images.collegedunia.com/public/image/institute/logo_1589991759c-jamboree-education-pvt-ltd-jaipur-3512.jpg?h=40&w=40&mode=stretch
Tara Institute ,New Delhi,https://images.collegedunia.com/public/image/institute/logo_1592511967tara logo.jpg?h=40&w=40&mode=stretch
Shankar IAS Academy ,Chennai,https://images.collegedunia.com/public/image/institute/logo_1592578358shankar logo.jpg?h=40&w=40&mode=stretch
IFAS (NEET),Pune,https://images.collegedunia.com/public/image/institute/logo_1592831455IFAS logo.jpeg?h=40&w=40&mode=stretch
Lakshya IAS Academy ,Mumbai,https://images.collegedunia.com/public/image/institute/logo_1592962458download (1).jpg?h=40&w=40&mode=stretch
Storm Overseas ,Hyderabad,https://images.collegedunia.com/public/image/institute/logo_1593110429storm.png?h=40&w=40&mode=stretch
CanApprove ,Bangalore,https://images.collegedunia.com/public/image/institute/logo_1593431130CANLOGO.blob?h=40&w=40&mode=stretch
Turning Point Institute ,New Delhi,https://images.collegedunia.com/public/image/institute/logo_1593761569TURNING-POINT-LOGO.png?h=40&w=40&mode=stretch
Ghaziabad IAS Academy ,Ghaziabad,https://images.collegedunia.com/public/image/institute/logo_1594019907ghz.jpg?h=40&w=40&mode=stretch
Pradeep Agarwal Academy ,Gurgaon,https://images.collegedunia.com/public/image/institute/logo_159404355052611624_2338243199552485_8166949320583544832_n.jpg?h=40&w=40&mode=stretch
Amity institute For Competitive Examinations ,New Delhi,https://images.collegedunia.com/public/image/institute/logo_1594382881aice logo.jpg?h=40&w=40&mode=stretch
Insight IAS ,Bangalore,https://images.collegedunia.com/public/image/institute/logo_1599659376ias.PNG?h=40&w=40&mode=stretch
Nalanda IAS Academy ,New Delhi,https://images.collegedunia.com/public/image/institute/logo_1594751304NA Logo.jpg?h=40&w=40&mode=stretch
Officers IAS Academy ,Bangalore,https://images.collegedunia.com/public/image/institute/logo_1594723549logo.png?h=40&w=40&mode=stretch
SHIKSHA IAS Academy ,Bangalore,https://images.collegedunia.com/public/image/institute/logo_1596627884logo-wide-1.png?h=40&w=40&mode=stretch
"JSR IAS Academy (UPSC, TNPSC COACHING) ",Chennai,https://images.collegedunia.com/public/image/institute/logo_1594797300freesnippingtool.com_capture_20200715120519.png?h=40&w=40&mode=stretch
Infomatica Academy ,Mumbai,https://images.collegedunia.com/public/image/institute/logo_1595928581Infomatica 2.jpg?h=40&w=40&mode=stretch
Nine Education IIT Academy ,Hyderabad,https://images.collegedunia.com/public/image/institute/logo_1596182242M.PNG?h=40&w=40&mode=stretch
VINJEE ,Hyderabad,https://images.collegedunia.com/public/image/institute/logo_1596182439vinjii logo.jpg?h=40&w=40&mode=stretch
Ahaguru ,Chennai,https://images.collegedunia.com/public/image/institute/logo_1632486080A Logo.png?h=40&w=40&mode=stretch
"Aims - NEET, IIT-JEE, JEE Advanced ",Kolkata,https://images.collegedunia.com/public/image/institute/logo_1596295145logo.png?h=40&w=40&mode=stretch
IIT Zone Tutorials (JEE Main),Kolkata,https://images.collegedunia.com/public/image/institute/logo_1596515722freesnippingtool.com_capture_20200804100200.png?h=40&w=40&mode=stretch
Neev Classes (12th Exam CBSE),Bangalore,https://images.collegedunia.com/public/image/institute/logo_1596530933neevlogo.jpg?h=40&w=40&mode=stretch
Ranquer Eduzone ,Kolkata,https://images.collegedunia.com/public/image/institute/logo_1596540781ran 1.png?h=40&w=40&mode=stretch
Contrivance IIT & Medical (JEE Advanced),Pune,https://images.collegedunia.com/public/image/institute/logo_1596877135contrivance logo.png?h=40&w=40&mode=stretch
TRIUMPH IAS (UPSC),New Delhi,https://images.collegedunia.com/public/image/institute/logo_1634823115Logo (2).png?h=40&w=40&mode=stretch
Indian IAS Academy ,Chennai,https://images.collegedunia.com/public/image/institute/logo_1597328056IIA logo.jpg?h=40&w=40&mode=stretch
Apti Plus Academy ,Kolkata,https://images.collegedunia.com/public/image/institute/logo_1599826696ap.PNG?h=40&w=40&mode=stretch
Academy Of Competitive Examination & Research Training ,Chennai,https://images.collegedunia.com/public/image/institute/logo_1597413845ACERT-Logo.jpg?h=40&w=40&mode=stretch
Garnet classes ,Jaipur,https://images.collegedunia.com/public/image/institute/logo_1614405026logo-garnet.png?h=40&w=40&mode=stretch
NATHAN IIT-JEE (JEE Advanced),Chennai,https://images.collegedunia.com/public/image/institute/logo_1597684030nathan logo.jpg?h=40&w=40&mode=stretch
Penultimate Institute ,New Delhi,https://images.collegedunia.com/public/image/institute/logo_15977436021580832404_wq.png?h=40&w=40&mode=stretch
Arpitakarwa.com Classes ( UGC NET COACHING) (UGC NET),Jaipur,https://images.collegedunia.com/public/image/institute/logo_1630427225ak-logo.png?h=40&w=40&mode=stretch
Sudhir's Classes ,Mumbai,https://images.collegedunia.com/public/image/institute/logo_1598011668W.jpeg?h=40&w=40&mode=stretch
MiQ Classes (CAT),Bangalore,https://images.collegedunia.com/public/image/institute/logo_1598262700MiQ.png?h=40&w=40&mode=stretch
Genesis Mentors (CAT COACHING) (CAT),Pune,https://images.collegedunia.com/public/image/institute/logo_1598269559logo genesis.jpg?h=40&w=40&mode=stretch
Prime Educators (CAT),Chennai,https://images.collegedunia.com/public/image/institute/logo_1598275285Prime logo.jpg?h=40&w=40&mode=stretch
Unique Classes (NEET),Kolkata,https://images.collegedunia.com/public/image/institute/logo_1599234141Uc.PNG?h=40&w=40&mode=stretch
Aspiration Academy ,Kolkata,https://images.collegedunia.com/public/image/institute/logo_159847140837395436_497375110715903_4927924971532976128_n.jpg?h=40&w=40&mode=stretch
Delta Success Point (JEE Advanced),Patna,https://images.collegedunia.com/public/image/institute/logo_1603886925cropped-logo.png?h=40&w=40&mode=stretch
Bfactory CATCoaching (CAT),Ranchi,https://images.collegedunia.com/public/image/institute/logo_1598529370download (1).png?h=40&w=40&mode=stretch
Vidhi Wise Law Learning League (CLAT COACHING) (CLAT),New Delhi,https://images.collegedunia.com/public/image/institute/logo_1598551818vidhiwise logo.png?h=40&w=40&mode=stretch
The Opus Way (CLAT COACHING) (CLAT),Kolkata,https://images.collegedunia.com/public/image/institute/logo_1598556398opus_logo.png?h=40&w=40&mode=stretch
Jnanagangothri ,Bangalore,https://images.collegedunia.com/public/image/institute/logo_1598583896logo_IASJNANA_-_JNANA_GANGOTHRI_KAS_PSI_KPSC.jpeg?h=40&w=40&mode=stretch
TCC Management Systems (CAT),Kolkata,https://images.collegedunia.com/public/image/institute/logo_159860484758419196_2272300576125533_6422673624624267264_n.jpg?h=40&w=40&mode=stretch
Summit Careers ,Bangalore,https://images.collegedunia.com/public/image/institute/logo_1605968507summitlogo-transparent.png?h=40&w=40&mode=stretch
Knowledge Express (CS ENTRANCE COACHING) ,Mumbai,https://images.collegedunia.com/public/image/institute/logo_1598631123knowledge logo.jpg?h=40&w=40&mode=stretch
Mudraa Career Guidance Centre (SSC/IBPS/RBI) (SSC),Mumbai,https://images.collegedunia.com/public/image/institute/logo_1598685958mudraa logo.png?h=40&w=40&mode=stretch
Jupiter Academy (NEET),Chennai,https://images.collegedunia.com/public/image/institute/logo_1598703807jup logo.png?h=40&w=40&mode=stretch
AVK's CAPF Coaching Academy (CAPF Recruitment),Hyderabad,https://images.collegedunia.com/public/image/institute/logo_1598721353avks logo.jpg?h=40&w=40&mode=stretch
Minerva Academy (CDS),Mohali,https://images.collegedunia.com/public/image/institute/logo_1598931802images (2).jpg?h=40&w=40&mode=stretch
Mahendra Educational Private Limited (BANK COACHING) (Banking),New Delhi,https://images.collegedunia.com/public/image/institute/logo_1598847917download.png?h=40&w=40&mode=stretch
Sriram Law Academy (CLAT),Chennai,https://images.collegedunia.com/public/image/institute/logo_1621259669SRL.PNG?h=40&w=40&mode=stretch
"AIM Institute (CA,CS,CMA) (CA)",New Delhi,https://images.collegedunia.com/public/image/institute/logo_1599193510aim logo.png?h=40&w=40&mode=stretch
Anees Classes (NDA),Pune,https://images.collegedunia.com/public/image/institute/logo_1599219664anees.jpg?h=40&w=40&mode=stretch
My Career Point (CMA Certification),Chennai,https://images.collegedunia.com/public/image/institute/logo_15992365221.png?h=40&w=40&mode=stretch
Mohit Agarwal Classes ,Kolkata,https://images.collegedunia.com/public/image/institute/logo_1599257330MALOGO.jpg?h=40&w=40&mode=stretch
Arul Institute (JEE Main),Chennai,https://images.collegedunia.com/public/image/institute/logo_1599303121arul logo.png?h=40&w=40&mode=stretch
Saumil Commerce Classes ,Mumbai,https://images.collegedunia.com/public/image/institute/logo_1599463782icon.png?h=40&w=40&mode=stretch
KEW academy ,Chennai,https://images.collegedunia.com/public/image/institute/logo_1599341486kew logo.png?h=40&w=40&mode=stretch
Rathore Institute ,Chennai,https://images.collegedunia.com/public/image/institute/logo_1599546258rlogo.png?h=40&w=40&mode=stretch
G.C.RAO ACADEMY (CMA Certification),Bangalore,https://images.collegedunia.com/public/image/institute/logo_1603892387u.jpg?h=40&w=40&mode=stretch
Gyan Gurucull Academy ,New Delhi,https://images.collegedunia.com/public/image/institute/logo_1599487430gyan lo.png?h=40&w=40&mode=stretch
KS Academy ,Chennai,https://images.collegedunia.com/public/image/institute/logo_1599498562OIP.jpg?h=40&w=40&mode=stretch
EMS Academy (Board Exam),Jaipur,https://images.collegedunia.com/public/image/institute/logo_1599557339ems cover.jpeg?h=40&w=40&mode=stretch
iBAS Global ,Bangalore,https://images.collegedunia.com/public/image/institute/logo_1599679471ilogo.png?h=40&w=40&mode=stretch
SIGN Consulting Pvt. Ltd (IELTS),Hyderabad,https://images.collegedunia.com/public/image/institute/logo_1599739020download.png?h=40&w=40&mode=stretch
Uwezo Learning Center ,Hyderabad,https://images.collegedunia.com/public/image/institute/logo_1600059192uwezo logo.jpg?h=40&w=40&mode=stretch
Maks Bela International (GRE),Chennai,https://images.collegedunia.com/public/image/institute/logo_1600436649mb logo.png?h=40&w=40&mode=stretch
Global Destination Learning Academy (Study Abroad),Pune,https://images.collegedunia.com/public/image/institute/logo_1600971397download (7).jpg?h=40&w=40&mode=stretch
Imperial Overseas ,Mumbai,https://images.collegedunia.com/public/image/institute/logo_1600855284logo-dark.png?h=40&w=40&mode=stretch
Zims Home tutions ,Hyderabad,https://images.collegedunia.com/public/image/institute/logo_1601094482logo.gif?h=40&w=40&mode=stretch
Trisect Institute (Data Science Course),Noida,https://images.collegedunia.com/public/image/institute/logo_1627812207download (15).png?h=40&w=40&mode=stretch
ExcelR Training Institute (Data Science Course),Bangalore,https://images.collegedunia.com/public/image/institute/logo_1601636610excel logo.png?h=40&w=40&mode=stretch
Greens Technology Tambaram ,Chennai,https://images.collegedunia.com/public/image/institute/logo_1601706830greens-logo.png?h=40&w=40&mode=stretch
BIX IT ACADEMY - Data Science Training in Chennai (Computer Science and Information Technology),Chennai,https://images.collegedunia.com/public/image/institute/logo_1601749167b.pdf?h=40&w=40&mode=stretch
IB Language Classes ,New Delhi,https://images.collegedunia.com/public/image/institute/logo_1601804559logo2.png?h=40&w=40&mode=stretch
Crystal Analytix (big data),Gurgaon,https://images.collegedunia.com/public/image/institute/logo_16018766740 (2).jpg?h=40&w=40&mode=stretch
AutomationMinds IT Solutions (Computer Science and Information Technology),Chennai,https://images.collegedunia.com/public/image/institute/logo_1601844068logo.jpg?h=40&w=40&mode=stretch
ACTE Training Institute Anna Nagar ,Chennai,https://images.collegedunia.com/public/image/institute/logo_1601841234acte anna logo.png?h=40&w=40&mode=stretch
Data Forum ,New Delhi,https://images.collegedunia.com/public/image/institute/logo_160189128976762482_2430294793745713_4979995217999429632_o.png?h=40&w=40&mode=stretch
TCA Gurgaon ,Gurgaon,https://images.collegedunia.com/public/image/institute/logo_16018898070 (1).jpg?h=40&w=40&mode=stretch
Ivy Professional School ,Bangalore,https://images.collegedunia.com/public/image/institute/logo_1602000652ilogo.jpg?h=40&w=40&mode=stretch
4Achievers ,Noida,https://images.collegedunia.com/public/image/institute/logo_160595119956685785_2295301304045531_2639616896449642496_o.png?h=40&w=40&mode=stretch
Technocourses.com ,Hyderabad,https://images.collegedunia.com/public/image/institute/logo_1602158478download (7).jpg?h=40&w=40&mode=stretch
Integrum litera ,Secunderabad,https://images.collegedunia.com/public/image/institute/logo_1603048525INTEGRUM-LITERA-Logo.png?h=40&w=40&mode=stretch
Applied AI Course ,Hyderabad,https://images.collegedunia.com/public/image/institute/logo_1632405824LOGO.png?h=40&w=40&mode=stretch
Cranes Varisty (Computer Science and Information Technology),Bangalore,https://images.collegedunia.com/public/image/institute/logo_16056922255955001-large.jpg?h=40&w=40&mode=stretch
Zenrays technologies ,Bangalore,https://images.collegedunia.com/public/image/institute/logo_1602300834ZenraysLogo_700_400.jpg?h=40&w=40&mode=stretch
Prognoz Technologies Pvt. Ltd. ,Mumbai,https://images.collegedunia.com/public/image/institute/logo_1602341168logo.png prognoz.png?h=40&w=40&mode=stretch
Radical Technologies ,Pune,https://images.collegedunia.com/public/image/institute/logo_1602347080logo.png radical.png?h=40&w=40&mode=stretch
Ethans Tech ,Pune,https://images.collegedunia.com/public/image/institute/logo_160235308599097014_2931836523598694_6113277658227802112_n.jpg ethans.jpg?h=40&w=40&mode=stretch
Pedagogy Trainings and Consultancy Services (Data Science Course),Mumbai,https://images.collegedunia.com/public/image/institute/logo_1602446293logo-with-name1-1.png?h=40&w=40&mode=stretch
Orange Tree Global Institute (Data Science Course),Kolkata,https://images.collegedunia.com/public/image/institute/logo_1602419854ot logo.png?h=40&w=40&mode=stretch
Palium Skills Institute ,Kolkata,https://images.collegedunia.com/public/image/institute/logo_1602438806pal logo.jpg?h=40&w=40&mode=stretch
Digital Vidya (SocialMediaMarketing(SMM)),Mumbai,https://images.collegedunia.com/public/image/institute/logo_1625570498Logo.jpg?h=40&w=40&mode=stretch
JPA Solutions ,Chennai,https://images.collegedunia.com/public/image/institute/logo_1602489287b5eca67ae25db4d96df9ef16ea943ed2.jpg?h=40&w=40&mode=stretch
IIHT Kharghar ,Navi Mumbai,https://images.collegedunia.com/public/image/institute/logo_1623325159LOGO.jpg?h=40&w=40&mode=stretch
Data Science Lab ,Pune,https://images.collegedunia.com/public/image/institute/logo_1602571144freesnippingtool.com_capture_20201013120652.png?h=40&w=40&mode=stretch
W3training school ,Gurgaon,https://images.collegedunia.com/public/image/institute/logo_1602589523W3training-School-New-Logo-for-Website.png?h=40&w=40&mode=stretch
Algorithm Class (Computer Science and Information Technology),Hyderabad,https://images.collegedunia.com/public/image/institute/logo_1602788018logo.jpg?h=40&w=40&mode=stretch
